-- phpMyAdmin SQL Dump
-- version 4.8.3
-- https://www.phpmyadmin.net/
--
-- Host: 127.0.0.1:3306
-- Generation Time: Feb 21, 2019 at 08:02 AM
-- Server version: 5.7.23
-- PHP Version: 7.2.10

SET SQL_MODE = "NO_AUTO_VALUE_ON_ZERO";
SET AUTOCOMMIT = 0;
START TRANSACTION;
SET time_zone = "+00:00";


/*!40101 SET @OLD_CHARACTER_SET_CLIENT=@@CHARACTER_SET_CLIENT */;
/*!40101 SET @OLD_CHARACTER_SET_RESULTS=@@CHARACTER_SET_RESULTS */;
/*!40101 SET @OLD_COLLATION_CONNECTION=@@COLLATION_CONNECTION */;
/*!40101 SET NAMES utf8mb4 */;

--
-- Database: `feedback`
--

-- --------------------------------------------------------

--
-- Table structure for table `analysis_master`
--

DROP TABLE IF EXISTS `analysis_master`;
CREATE TABLE IF NOT EXISTS `analysis_master` (
  `analysis_master_id` int(11) NOT NULL AUTO_INCREMENT COMMENT 'row_id staff analysis',
  `entry_id` int(11) NOT NULL COMMENT 'entry_id from entry_record',
  `class_id` int(11) NOT NULL COMMENT 'class id from class master',
  `section_id` int(11) NOT NULL COMMENT 'section bifergate',
  `criteria_id` int(11) NOT NULL COMMENT 'criteria_id from criteria_master',
  `criteria_points` int(11) NOT NULL DEFAULT '0' COMMENT 'points got 0 - 5',
  `emp_code` int(11) DEFAULT NULL COMMENT 'emp_code from employee_master',
  `created_at` varchar(255) DEFAULT NULL,
  `updated_at` varchar(255) DEFAULT NULL,
  PRIMARY KEY (`analysis_master_id`),
  KEY `entryid_link` (`entry_id`),
  KEY `related_index` (`class_id`,`section_id`,`criteria_id`,`emp_code`) USING BTREE,
  KEY `employee_master_analysis` (`emp_code`),
  KEY `section_id_analysis_link` (`section_id`),
  KEY `criteria_analysis_link` (`criteria_id`)
) ENGINE=InnoDB AUTO_INCREMENT=2311 DEFAULT CHARSET=utf8 COMMENT='Staff points table';

--
-- Dumping data for table `analysis_master`
--

INSERT INTO `analysis_master` (`analysis_master_id`, `entry_id`, `class_id`, `section_id`, `criteria_id`, `criteria_points`, `emp_code`, `created_at`, `updated_at`) VALUES
(1, 1, 1, 1, 1, 5, 1, '1533135651', '1533135651'),
(2, 1, 1, 1, 2, 1, 1, '1533135651', '1533135651'),
(3, 1, 1, 1, 3, 2, 1, '1533135651', '1533135651'),
(4, 1, 1, 1, 4, 3, 1, '1533135651', '1533135651'),
(5, 1, 1, 1, 5, 4, 1, '1533135651', '1533135651'),
(6, 1, 1, 1, 6, 2, 1, '1533135651', '1533135651'),
(7, 1, 1, 1, 7, 3, 1, '1533135651', '1533135651'),
(8, 1, 1, 1, 8, 4, 1, '1533135651', '1533135651'),
(9, 1, 1, 1, 1, 1, 2, '1533135651', '1533135651'),
(10, 1, 1, 1, 2, 2, 2, '1533135651', '1533135651'),
(11, 1, 1, 1, 3, 4, 2, '1533135651', '1533135651'),
(12, 1, 1, 1, 4, 5, 2, '1533135651', '1533135651'),
(13, 1, 1, 1, 5, 3, 2, '1533135651', '1533135651'),
(14, 1, 1, 1, 6, 2, 2, '1533135651', '1533135651'),
(15, 1, 1, 1, 7, 1, 2, '1533135651', '1533135651'),
(16, 1, 1, 1, 8, 4, 2, '1533135651', '1533135651'),
(17, 1, 1, 1, 1, 5, 3, '1533135652', '1533135652'),
(18, 1, 1, 1, 2, 2, 3, '1533135652', '1533135652'),
(19, 1, 1, 1, 3, 3, 3, '1533135652', '1533135652'),
(20, 1, 1, 1, 4, 1, 3, '1533135652', '1533135652'),
(21, 1, 1, 1, 5, 2, 3, '1533135652', '1533135652'),
(22, 1, 1, 1, 6, 5, 3, '1533135652', '1533135652'),
(23, 1, 1, 1, 7, 4, 3, '1533135652', '1533135652'),
(24, 1, 1, 1, 8, 1, 3, '1533135652', '1533135652'),
(25, 1, 1, 1, 1, 2, 6, '1533135652', '1533135652'),
(26, 1, 1, 1, 2, 3, 6, '1533135652', '1533135652'),
(27, 1, 1, 1, 3, 1, 6, '1533135652', '1533135652'),
(28, 1, 1, 1, 4, 1, 6, '1533135652', '1533135652'),
(29, 1, 1, 1, 5, 2, 6, '1533135652', '1533135652'),
(30, 1, 1, 1, 6, 3, 6, '1533135652', '1533135652'),
(31, 1, 1, 1, 7, 1, 6, '1533135652', '1533135652'),
(32, 1, 1, 1, 8, 3, 6, '1533135652', '1533135652'),
(33, 1, 1, 1, 1, 1, 7, '1533135652', '1533135652'),
(34, 1, 1, 1, 2, 2, 7, '1533135652', '1533135652'),
(35, 1, 1, 1, 3, 5, 7, '1533135652', '1533135652'),
(36, 1, 1, 1, 4, 4, 7, '1533135652', '1533135652'),
(37, 1, 1, 1, 5, 3, 7, '1533135652', '1533135652'),
(38, 1, 1, 1, 6, 1, 7, '1533135652', '1533135652'),
(39, 1, 1, 1, 7, 2, 7, '1533135652', '1533135652'),
(40, 1, 1, 1, 8, 4, 7, '1533135652', '1533135652'),
(41, 1, 1, 2, 9, 4, NULL, '1533135652', '1533135652'),
(42, 1, 1, 2, 10, 2, NULL, '1533135653', '1533135653'),
(43, 1, 1, 2, 11, 3, NULL, '1533135653', '1533135653'),
(44, 1, 1, 2, 12, 5, NULL, '1533135653', '1533135653'),
(45, 1, 1, 2, 13, 1, NULL, '1533135653', '1533135653'),
(46, 1, 1, 3, 14, 4, NULL, '1533135653', '1533135653'),
(47, 1, 1, 3, 15, 2, NULL, '1533135653', '1533135653'),
(48, 1, 1, 3, 16, 48, NULL, '1533135653', '1533135653'),
(49, 1, 1, 3, 17, 52, NULL, '1533135653', '1533135653'),
(50, 1, 1, 3, 18, 3, NULL, '1533135653', '1533135653'),
(51, 1, 1, 3, 19, 2, NULL, '1533135653', '1533135653'),
(52, 1, 1, 3, 20, 1, NULL, '1533135653', '1533135653'),
(53, 1, 1, 3, 21, 4, NULL, '1533135653', '1533135653'),
(54, 1, 1, 3, 22, 2, NULL, '1533135653', '1533135653'),
(55, 1, 1, 3, 23, 3, NULL, '1533135653', '1533135653'),
(56, 1, 1, 4, 24, 3, NULL, '1533135653', '1533135653'),
(57, 1, 1, 4, 25, 2, NULL, '1533135653', '1533135653'),
(58, 1, 1, 4, 26, 4, NULL, '1533135653', '1533135653'),
(59, 1, 1, 4, 27, 5, NULL, '1533135653', '1533135653'),
(60, 1, 1, 4, 28, 2, NULL, '1533135653', '1533135653'),
(61, 1, 1, 5, 29, 4, NULL, '1533135653', '1533135653'),
(62, 1, 1, 5, 30, 2, NULL, '1533135653', '1533135653'),
(63, 1, 1, 5, 31, 3, NULL, '1533135653', '1533135653'),
(64, 1, 1, 5, 32, 1, NULL, '1533135653', '1533135653'),
(65, 1, 1, 5, 33, 3, NULL, '1533135653', '1533135653'),
(66, 1, 1, 6, 34, 45, NULL, '1533135654', '1533135654'),
(67, 1, 1, 6, 35, 61, NULL, '1533135654', '1533135654'),
(68, 2, 1, 1, 1, 2, 1, '1533135826', '1533135826'),
(69, 2, 1, 1, 2, 1, 1, '1533135826', '1533135826'),
(70, 2, 1, 1, 3, 3, 1, '1533135826', '1533135826'),
(71, 2, 1, 1, 4, 4, 1, '1533135826', '1533135826'),
(72, 2, 1, 1, 5, 5, 1, '1533135826', '1533135826'),
(73, 2, 1, 1, 6, 2, 1, '1533135826', '1533135826'),
(74, 2, 1, 1, 7, 3, 1, '1533135826', '1533135826'),
(75, 2, 1, 1, 8, 1, 1, '1533135826', '1533135826'),
(76, 2, 1, 1, 1, 1, 2, '1533135826', '1533135826'),
(77, 2, 1, 1, 2, 2, 2, '1533135827', '1533135827'),
(78, 2, 1, 1, 3, 3, 2, '1533135827', '1533135827'),
(79, 2, 1, 1, 4, 5, 2, '1533135827', '1533135827'),
(80, 2, 1, 1, 5, 4, 2, '1533135827', '1533135827'),
(81, 2, 1, 1, 6, 1, 2, '1533135827', '1533135827'),
(82, 2, 1, 1, 7, 2, 2, '1533135827', '1533135827'),
(83, 2, 1, 1, 8, 3, 2, '1533135827', '1533135827'),
(84, 2, 1, 1, 1, 1, 3, '1533135827', '1533135827'),
(85, 2, 1, 1, 2, 1, 3, '1533135827', '1533135827'),
(86, 2, 1, 1, 3, 2, 3, '1533135827', '1533135827'),
(87, 2, 1, 1, 4, 3, 3, '1533135827', '1533135827'),
(88, 2, 1, 1, 5, 5, 3, '1533135827', '1533135827'),
(89, 2, 1, 1, 6, 4, 3, '1533135827', '1533135827'),
(90, 2, 1, 1, 7, 1, 3, '1533135827', '1533135827'),
(91, 2, 1, 1, 8, 3, 3, '1533135827', '1533135827'),
(92, 2, 1, 1, 1, 1, 6, '1533135827', '1533135827'),
(93, 2, 1, 1, 2, 1, 6, '1533135827', '1533135827'),
(94, 2, 1, 1, 3, 2, 6, '1533135827', '1533135827'),
(95, 2, 1, 1, 4, 3, 6, '1533135827', '1533135827'),
(96, 2, 1, 1, 5, 4, 6, '1533135827', '1533135827'),
(97, 2, 1, 1, 6, 5, 6, '1533135827', '1533135827'),
(98, 2, 1, 1, 7, 3, 6, '1533135827', '1533135827'),
(99, 2, 1, 1, 8, 1, 6, '1533135827', '1533135827'),
(100, 2, 1, 1, 1, 4, 7, '1533135827', '1533135827'),
(101, 2, 1, 1, 2, 5, 7, '1533135827', '1533135827'),
(102, 2, 1, 1, 3, 2, 7, '1533135828', '1533135828'),
(103, 2, 1, 1, 4, 3, 7, '1533135828', '1533135828'),
(104, 2, 1, 1, 5, 2, 7, '1533135828', '1533135828'),
(105, 2, 1, 1, 6, 4, 7, '1533135828', '1533135828'),
(106, 2, 1, 1, 7, 5, 7, '1533135828', '1533135828'),
(107, 2, 1, 1, 8, 1, 7, '1533135828', '1533135828'),
(108, 2, 1, 2, 9, 5, NULL, '1533135828', '1533135828'),
(109, 2, 1, 2, 10, 4, NULL, '1533135828', '1533135828'),
(110, 2, 1, 2, 11, 2, NULL, '1533135828', '1533135828'),
(111, 2, 1, 2, 12, 3, NULL, '1533135828', '1533135828'),
(112, 2, 1, 2, 13, 1, NULL, '1533135828', '1533135828'),
(113, 2, 1, 3, 14, 1, NULL, '1533135828', '1533135828'),
(114, 2, 1, 3, 15, 2, NULL, '1533135828', '1533135828'),
(115, 2, 1, 3, 16, 47, NULL, '1533135828', '1533135828'),
(116, 2, 1, 3, 17, 50, NULL, '1533135828', '1533135828'),
(117, 2, 1, 3, 18, 3, NULL, '1533135828', '1533135828'),
(118, 2, 1, 3, 19, 2, NULL, '1533135828', '1533135828'),
(119, 2, 1, 3, 20, 4, NULL, '1533135828', '1533135828'),
(120, 2, 1, 3, 21, 2, NULL, '1533135828', '1533135828'),
(121, 2, 1, 3, 22, 3, NULL, '1533135828', '1533135828'),
(122, 2, 1, 3, 23, 1, NULL, '1533135828', '1533135828'),
(123, 2, 1, 4, 24, 5, NULL, '1533135828', '1533135828'),
(124, 2, 1, 4, 25, 4, NULL, '1533135828', '1533135828'),
(125, 2, 1, 4, 26, 2, NULL, '1533135828', '1533135828'),
(126, 2, 1, 4, 27, 2, NULL, '1533135828', '1533135828'),
(127, 2, 1, 4, 28, 2, NULL, '1533135829', '1533135829'),
(128, 2, 1, 5, 29, 4, NULL, '1533135829', '1533135829'),
(129, 2, 1, 5, 30, 5, NULL, '1533135829', '1533135829'),
(130, 2, 1, 5, 31, 2, NULL, '1533135829', '1533135829'),
(131, 2, 1, 5, 32, 3, NULL, '1533135829', '1533135829'),
(132, 2, 1, 5, 33, 5, NULL, '1533135829', '1533135829'),
(133, 2, 1, 6, 34, 46, NULL, '1533135829', '1533135829'),
(134, 2, 1, 6, 35, 61, NULL, '1533135829', '1533135829'),
(135, 3, 1, 1, 1, 5, 1, '1533135933', '1533135933'),
(136, 3, 1, 1, 2, 2, 1, '1533135933', '1533135933'),
(137, 3, 1, 1, 3, 4, 1, '1533135933', '1533135933'),
(138, 3, 1, 1, 4, 1, 1, '1533135934', '1533135934'),
(139, 3, 1, 1, 5, 3, 1, '1533135934', '1533135934'),
(140, 3, 1, 1, 6, 2, 1, '1533135934', '1533135934'),
(141, 3, 1, 1, 7, 5, 1, '1533135934', '1533135934'),
(142, 3, 1, 1, 8, 4, 1, '1533135934', '1533135934'),
(143, 3, 1, 1, 1, 1, 2, '1533135934', '1533135934'),
(144, 3, 1, 1, 2, 2, 2, '1533135934', '1533135934'),
(145, 3, 1, 1, 3, 5, 2, '1533135934', '1533135934'),
(146, 3, 1, 1, 4, 3, 2, '1533135934', '1533135934'),
(147, 3, 1, 1, 5, 2, 2, '1533135934', '1533135934'),
(148, 3, 1, 1, 6, 1, 2, '1533135934', '1533135934'),
(149, 3, 1, 1, 7, 4, 2, '1533135934', '1533135934'),
(150, 3, 1, 1, 8, 5, 2, '1533135934', '1533135934'),
(151, 3, 1, 1, 1, 3, 3, '1533135934', '1533135934'),
(152, 3, 1, 1, 2, 2, 3, '1533135934', '1533135934'),
(153, 3, 1, 1, 3, 1, 3, '1533135934', '1533135934'),
(154, 3, 1, 1, 4, 4, 3, '1533135934', '1533135934'),
(155, 3, 1, 1, 5, 5, 3, '1533135934', '1533135934'),
(156, 3, 1, 1, 6, 2, 3, '1533135934', '1533135934'),
(157, 3, 1, 1, 7, 3, 3, '1533135934', '1533135934'),
(158, 3, 1, 1, 8, 2, 3, '1533135934', '1533135934'),
(159, 3, 1, 1, 1, 1, 6, '1533135934', '1533135934'),
(160, 3, 1, 1, 2, 4, 6, '1533135934', '1533135934'),
(161, 3, 1, 1, 3, 5, 6, '1533135934', '1533135934'),
(162, 3, 1, 1, 4, 2, 6, '1533135934', '1533135934'),
(163, 3, 1, 1, 5, 3, 6, '1533135934', '1533135934'),
(164, 3, 1, 1, 6, 1, 6, '1533135934', '1533135934'),
(165, 3, 1, 1, 7, 2, 6, '1533135935', '1533135935'),
(166, 3, 1, 1, 8, 5, 6, '1533135935', '1533135935'),
(167, 3, 1, 1, 1, 3, 7, '1533135935', '1533135935'),
(168, 3, 1, 1, 2, 1, 7, '1533135935', '1533135935'),
(169, 3, 1, 1, 3, 4, 7, '1533135935', '1533135935'),
(170, 3, 1, 1, 4, 5, 7, '1533135935', '1533135935'),
(171, 3, 1, 1, 5, 2, 7, '1533135935', '1533135935'),
(172, 3, 1, 1, 6, 3, 7, '1533135935', '1533135935'),
(173, 3, 1, 1, 7, 2, 7, '1533135935', '1533135935'),
(174, 3, 1, 1, 8, 3, 7, '1533135935', '1533135935'),
(175, 3, 1, 2, 9, 2, NULL, '1533135935', '1533135935'),
(176, 3, 1, 2, 10, 3, NULL, '1533135935', '1533135935'),
(177, 3, 1, 2, 11, 1, NULL, '1533135935', '1533135935'),
(178, 3, 1, 2, 12, 4, NULL, '1533135935', '1533135935'),
(179, 3, 1, 2, 13, 5, NULL, '1533135935', '1533135935'),
(180, 3, 1, 3, 14, 2, NULL, '1533135935', '1533135935'),
(181, 3, 1, 3, 15, 3, NULL, '1533135935', '1533135935'),
(182, 3, 1, 3, 16, 49, NULL, '1533135935', '1533135935'),
(183, 3, 1, 3, 17, 51, NULL, '1533135935', '1533135935'),
(184, 3, 1, 3, 18, 3, NULL, '1533135935', '1533135935'),
(185, 3, 1, 3, 19, 2, NULL, '1533135935', '1533135935'),
(186, 3, 1, 3, 20, 1, NULL, '1533135935', '1533135935'),
(187, 3, 1, 3, 21, 4, NULL, '1533135935', '1533135935'),
(188, 3, 1, 3, 22, 2, NULL, '1533135935', '1533135935'),
(189, 3, 1, 3, 23, 2, NULL, '1533135935', '1533135935'),
(190, 3, 1, 4, 24, 3, NULL, '1533135936', '1533135936'),
(191, 3, 1, 4, 25, 2, NULL, '1533135936', '1533135936'),
(192, 3, 1, 4, 26, 5, NULL, '1533135936', '1533135936'),
(193, 3, 1, 4, 27, 1, NULL, '1533135936', '1533135936'),
(194, 3, 1, 4, 28, 4, NULL, '1533135936', '1533135936'),
(195, 3, 1, 5, 29, 0, NULL, '1533135936', '1533135936'),
(196, 3, 1, 5, 30, 1, NULL, '1533135936', '1533135936'),
(197, 3, 1, 5, 31, 2, NULL, '1533135936', '1533135936'),
(198, 3, 1, 5, 32, 3, NULL, '1533135936', '1533135936'),
(199, 3, 1, 5, 33, 0, NULL, '1533135936', '1533135936'),
(200, 3, 1, 6, 34, 46, NULL, '1533135936', '1533135936'),
(201, 3, 1, 6, 35, 61, NULL, '1533135936', '1533135936'),
(202, 4, 2, 1, 1, 1, 1, '1533136268', '1533136268'),
(203, 4, 2, 1, 2, 0, 1, '1533136268', '1533136268'),
(204, 4, 2, 1, 3, 2, 1, '1533136269', '1533136269'),
(205, 4, 2, 1, 4, 3, 1, '1533136269', '1533136269'),
(206, 4, 2, 1, 5, 5, 1, '1533136269', '1533136269'),
(207, 4, 2, 1, 6, 4, 1, '1533136269', '1533136269'),
(208, 4, 2, 1, 7, 1, 1, '1533136269', '1533136269'),
(209, 4, 2, 1, 8, 2, 1, '1533136269', '1533136269'),
(210, 4, 2, 1, 1, 3, 2, '1533136269', '1533136269'),
(211, 4, 2, 1, 2, 0, 2, '1533136269', '1533136269'),
(212, 4, 2, 1, 3, 1, 2, '1533136269', '1533136269'),
(213, 4, 2, 1, 4, 2, 2, '1533136269', '1533136269'),
(214, 4, 2, 1, 5, 3, 2, '1533136269', '1533136269'),
(215, 4, 2, 1, 6, 5, 2, '1533136269', '1533136269'),
(216, 4, 2, 1, 7, 4, 2, '1533136269', '1533136269'),
(217, 4, 2, 1, 8, 2, 2, '1533136269', '1533136269'),
(218, 4, 2, 1, 1, 3, 3, '1533136269', '1533136269'),
(219, 4, 2, 1, 2, 0, 3, '1533136269', '1533136269'),
(220, 4, 2, 1, 3, 1, 3, '1533136269', '1533136269'),
(221, 4, 2, 1, 4, 5, 3, '1533136270', '1533136270'),
(222, 4, 2, 1, 5, 5, 3, '1533136270', '1533136270'),
(223, 4, 2, 1, 6, 0, 3, '1533136270', '1533136270'),
(224, 4, 2, 1, 7, 1, 3, '1533136270', '1533136270'),
(225, 4, 2, 1, 8, 2, 3, '1533136270', '1533136270'),
(226, 4, 2, 1, 1, 3, 4, '1533136270', '1533136270'),
(227, 4, 2, 1, 2, 4, 4, '1533136270', '1533136270'),
(228, 4, 2, 1, 3, 5, 4, '1533136270', '1533136270'),
(229, 4, 2, 1, 4, 3, 4, '1533136270', '1533136270'),
(230, 4, 2, 1, 5, 2, 4, '1533136270', '1533136270'),
(231, 4, 2, 1, 6, 1, 4, '1533136270', '1533136270'),
(232, 4, 2, 1, 7, 5, 4, '1533136270', '1533136270'),
(233, 4, 2, 1, 8, 3, 4, '1533136270', '1533136270'),
(234, 4, 2, 1, 1, 2, 5, '1533136270', '1533136270'),
(235, 4, 2, 1, 2, 3, 5, '1533136270', '1533136270'),
(236, 4, 2, 1, 3, 5, 5, '1533136271', '1533136271'),
(237, 4, 2, 1, 4, 1, 5, '1533136271', '1533136271'),
(238, 4, 2, 1, 5, 2, 5, '1533136271', '1533136271'),
(239, 4, 2, 1, 6, 4, 5, '1533136271', '1533136271'),
(240, 4, 2, 1, 7, 2, 5, '1533136271', '1533136271'),
(241, 4, 2, 1, 8, 3, 5, '1533136271', '1533136271'),
(242, 4, 2, 1, 1, 1, 6, '1533136271', '1533136271'),
(243, 4, 2, 1, 2, 1, 6, '1533136271', '1533136271'),
(244, 4, 2, 1, 3, 2, 6, '1533136271', '1533136271'),
(245, 4, 2, 1, 4, 3, 6, '1533136271', '1533136271'),
(246, 4, 2, 1, 5, 5, 6, '1533136271', '1533136271'),
(247, 4, 2, 1, 6, 2, 6, '1533136271', '1533136271'),
(248, 4, 2, 1, 7, 3, 6, '1533136271', '1533136271'),
(249, 4, 2, 1, 8, 3, 6, '1533136271', '1533136271'),
(250, 4, 2, 1, 1, 2, 7, '1533136271', '1533136271'),
(251, 4, 2, 1, 2, 2, 7, '1533136271', '1533136271'),
(252, 4, 2, 1, 3, 3, 7, '1533136271', '1533136271'),
(253, 4, 2, 1, 4, 3, 7, '1533136271', '1533136271'),
(254, 4, 2, 1, 5, 2, 7, '1533136271', '1533136271'),
(255, 4, 2, 1, 6, 5, 7, '1533136271', '1533136271'),
(256, 4, 2, 1, 7, 2, 7, '1533136271', '1533136271'),
(257, 4, 2, 1, 8, 3, 7, '1533136271', '1533136271'),
(258, 4, 2, 1, 1, 3, 8, '1533136271', '1533136271'),
(259, 4, 2, 1, 2, 2, 8, '1533136272', '1533136272'),
(260, 4, 2, 1, 3, 5, 8, '1533136272', '1533136272'),
(261, 4, 2, 1, 4, 4, 8, '1533136272', '1533136272'),
(262, 4, 2, 1, 5, 1, 8, '1533136272', '1533136272'),
(263, 4, 2, 1, 6, 2, 8, '1533136272', '1533136272'),
(264, 4, 2, 1, 7, 3, 8, '1533136272', '1533136272'),
(265, 4, 2, 1, 8, 5, 8, '1533136272', '1533136272'),
(266, 4, 2, 2, 9, 2, NULL, '1533136272', '1533136272'),
(267, 4, 2, 2, 10, 3, NULL, '1533136272', '1533136272'),
(268, 4, 2, 2, 11, 5, NULL, '1533136272', '1533136272'),
(269, 4, 2, 2, 12, 3, NULL, '1533136272', '1533136272'),
(270, 4, 2, 2, 13, 1, NULL, '1533136272', '1533136272'),
(271, 4, 2, 3, 14, 2, NULL, '1533136272', '1533136272'),
(272, 4, 2, 3, 15, 2, NULL, '1533136272', '1533136272'),
(273, 4, 2, 3, 16, 47, NULL, '1533136273', '1533136273'),
(274, 4, 2, 3, 17, 50, NULL, '1533136273', '1533136273'),
(275, 4, 2, 3, 18, 2, NULL, '1533136273', '1533136273'),
(276, 4, 2, 3, 19, 1, NULL, '1533136273', '1533136273'),
(277, 4, 2, 3, 20, 5, NULL, '1533136273', '1533136273'),
(278, 4, 2, 3, 21, 3, NULL, '1533136273', '1533136273'),
(279, 4, 2, 3, 22, 2, NULL, '1533136273', '1533136273'),
(280, 4, 2, 3, 23, 2, NULL, '1533136273', '1533136273'),
(281, 4, 2, 4, 24, 2, NULL, '1533136273', '1533136273'),
(282, 4, 2, 4, 25, 3, NULL, '1533136273', '1533136273'),
(283, 4, 2, 4, 26, 1, NULL, '1533136273', '1533136273'),
(284, 4, 2, 4, 27, 2, NULL, '1533136273', '1533136273'),
(285, 4, 2, 4, 28, 4, NULL, '1533136273', '1533136273'),
(286, 4, 2, 5, 29, 0, NULL, '1533136273', '1533136273'),
(287, 4, 2, 5, 30, 2, NULL, '1533136273', '1533136273'),
(288, 4, 2, 5, 31, 3, NULL, '1533136273', '1533136273'),
(289, 4, 2, 5, 32, 2, NULL, '1533136273', '1533136273'),
(290, 4, 2, 5, 33, 5, NULL, '1533136273', '1533136273'),
(291, 4, 2, 6, 34, 46, NULL, '1533136274', '1533136274'),
(292, 4, 2, 6, 35, 60, NULL, '1533136274', '1533136274'),
(293, 5, 2, 1, 1, 4, 1, '1533136543', '1533136543'),
(294, 5, 2, 1, 2, 5, 1, '1533136543', '1533136543'),
(295, 5, 2, 1, 3, 5, 1, '1533136543', '1533136543'),
(296, 5, 2, 1, 4, 2, 1, '1533136543', '1533136543'),
(297, 5, 2, 1, 5, 2, 1, '1533136543', '1533136543'),
(298, 5, 2, 1, 6, 5, 1, '1533136543', '1533136543'),
(299, 5, 2, 1, 7, 4, 1, '1533136543', '1533136543'),
(300, 5, 2, 1, 8, 1, 1, '1533136543', '1533136543'),
(301, 5, 2, 1, 1, 2, 2, '1533136543', '1533136543'),
(302, 5, 2, 1, 2, 3, 2, '1533136543', '1533136543'),
(303, 5, 2, 1, 3, 1, 2, '1533136543', '1533136543'),
(304, 5, 2, 1, 4, 4, 2, '1533136543', '1533136543'),
(305, 5, 2, 1, 5, 1, 2, '1533136543', '1533136543'),
(306, 5, 2, 1, 6, 2, 2, '1533136543', '1533136543'),
(307, 5, 2, 1, 7, 3, 2, '1533136543', '1533136543'),
(308, 5, 2, 1, 8, 5, 2, '1533136543', '1533136543'),
(309, 5, 2, 1, 1, 2, 3, '1533136543', '1533136543'),
(310, 5, 2, 1, 2, 1, 3, '1533136543', '1533136543'),
(311, 5, 2, 1, 3, 4, 3, '1533136544', '1533136544'),
(312, 5, 2, 1, 4, 2, 3, '1533136544', '1533136544'),
(313, 5, 2, 1, 5, 3, 3, '1533136544', '1533136544'),
(314, 5, 2, 1, 6, 5, 3, '1533136544', '1533136544'),
(315, 5, 2, 1, 7, 2, 3, '1533136544', '1533136544'),
(316, 5, 2, 1, 8, 1, 3, '1533136544', '1533136544'),
(317, 5, 2, 1, 1, 4, 4, '1533136544', '1533136544'),
(318, 5, 2, 1, 2, 5, 4, '1533136544', '1533136544'),
(319, 5, 2, 1, 3, 1, 4, '1533136544', '1533136544'),
(320, 5, 2, 1, 4, 2, 4, '1533136544', '1533136544'),
(321, 5, 2, 1, 5, 4, 4, '1533136544', '1533136544'),
(322, 5, 2, 1, 6, 1, 4, '1533136544', '1533136544'),
(323, 5, 2, 1, 7, 2, 4, '1533136544', '1533136544'),
(324, 5, 2, 1, 8, 2, 4, '1533136544', '1533136544'),
(325, 5, 2, 1, 1, 5, 5, '1533136544', '1533136544'),
(326, 5, 2, 1, 2, 3, 5, '1533136544', '1533136544'),
(327, 5, 2, 1, 3, 2, 5, '1533136544', '1533136544'),
(328, 5, 2, 1, 4, 5, 5, '1533136544', '1533136544'),
(329, 5, 2, 1, 5, 4, 5, '1533136544', '1533136544'),
(330, 5, 2, 1, 6, 1, 5, '1533136544', '1533136544'),
(331, 5, 2, 1, 7, 2, 5, '1533136544', '1533136544'),
(332, 5, 2, 1, 8, 5, 5, '1533136544', '1533136544'),
(333, 5, 2, 1, 1, 1, 6, '1533136544', '1533136544'),
(334, 5, 2, 1, 2, 2, 6, '1533136545', '1533136545'),
(335, 5, 2, 1, 3, 5, 6, '1533136545', '1533136545'),
(336, 5, 2, 1, 4, 4, 6, '1533136545', '1533136545'),
(337, 5, 2, 1, 5, 1, 6, '1533136545', '1533136545'),
(338, 5, 2, 1, 6, 2, 6, '1533136545', '1533136545'),
(339, 5, 2, 1, 7, 3, 6, '1533136545', '1533136545'),
(340, 5, 2, 1, 8, 5, 6, '1533136545', '1533136545'),
(341, 5, 2, 1, 1, 4, 7, '1533136545', '1533136545'),
(342, 5, 2, 1, 2, 1, 7, '1533136545', '1533136545'),
(343, 5, 2, 1, 3, 2, 7, '1533136545', '1533136545'),
(344, 5, 2, 1, 4, 3, 7, '1533136545', '1533136545'),
(345, 5, 2, 1, 5, 5, 7, '1533136545', '1533136545'),
(346, 5, 2, 1, 6, 4, 7, '1533136545', '1533136545'),
(347, 5, 2, 1, 7, 1, 7, '1533136545', '1533136545'),
(348, 5, 2, 1, 8, 2, 7, '1533136545', '1533136545'),
(349, 5, 2, 1, 1, 3, 8, '1533136545', '1533136545'),
(350, 5, 2, 1, 2, 5, 8, '1533136545', '1533136545'),
(351, 5, 2, 1, 3, 4, 8, '1533136545', '1533136545'),
(352, 5, 2, 1, 4, 1, 8, '1533136545', '1533136545'),
(353, 5, 2, 1, 5, 2, 8, '1533136545', '1533136545'),
(354, 5, 2, 1, 6, 3, 8, '1533136545', '1533136545'),
(355, 5, 2, 1, 7, 5, 8, '1533136545', '1533136545'),
(356, 5, 2, 1, 8, 4, 8, '1533136545', '1533136545'),
(357, 5, 2, 2, 9, 4, NULL, '1533136545', '1533136545'),
(358, 5, 2, 2, 10, 5, NULL, '1533136546', '1533136546'),
(359, 5, 2, 2, 11, 1, NULL, '1533136546', '1533136546'),
(360, 5, 2, 2, 12, 2, NULL, '1533136546', '1533136546'),
(361, 5, 2, 2, 13, 3, NULL, '1533136546', '1533136546'),
(362, 5, 2, 3, 14, 4, NULL, '1533136546', '1533136546'),
(363, 5, 2, 3, 15, 4, NULL, '1533136546', '1533136546'),
(364, 5, 2, 3, 16, 47, NULL, '1533136546', '1533136546'),
(365, 5, 2, 3, 17, 50, NULL, '1533136546', '1533136546'),
(366, 5, 2, 3, 18, 2, NULL, '1533136546', '1533136546'),
(367, 5, 2, 3, 19, 5, NULL, '1533136546', '1533136546'),
(368, 5, 2, 3, 20, 4, NULL, '1533136546', '1533136546'),
(369, 5, 2, 3, 21, 5, NULL, '1533136546', '1533136546'),
(370, 5, 2, 3, 22, 1, NULL, '1533136546', '1533136546'),
(371, 5, 2, 3, 23, 2, NULL, '1533136546', '1533136546'),
(372, 5, 2, 4, 24, 5, NULL, '1533136546', '1533136546'),
(373, 5, 2, 4, 25, 4, NULL, '1533136546', '1533136546'),
(374, 5, 2, 4, 26, 5, NULL, '1533136546', '1533136546'),
(375, 5, 2, 4, 27, 1, NULL, '1533136546', '1533136546'),
(376, 5, 2, 4, 28, 2, NULL, '1533136546', '1533136546'),
(377, 5, 2, 5, 29, 5, NULL, '1533136547', '1533136547'),
(378, 5, 2, 5, 30, 4, NULL, '1533136547', '1533136547'),
(379, 5, 2, 5, 31, 1, NULL, '1533136547', '1533136547'),
(380, 5, 2, 5, 32, 2, NULL, '1533136547', '1533136547'),
(381, 5, 2, 5, 33, 1, NULL, '1533136547', '1533136547'),
(382, 5, 2, 6, 34, 46, NULL, '1533136547', '1533136547'),
(383, 5, 2, 6, 35, 61, NULL, '1533136547', '1533136547'),
(384, 6, 2, 1, 1, 4, 1, '1533136556', '1533136556'),
(385, 6, 2, 1, 2, 5, 1, '1533136556', '1533136556'),
(386, 6, 2, 1, 3, 5, 1, '1533136556', '1533136556'),
(387, 6, 2, 1, 4, 2, 1, '1533136556', '1533136556'),
(388, 6, 2, 1, 5, 2, 1, '1533136556', '1533136556'),
(389, 6, 2, 1, 6, 5, 1, '1533136556', '1533136556'),
(390, 6, 2, 1, 7, 4, 1, '1533136556', '1533136556'),
(391, 6, 2, 1, 8, 1, 1, '1533136557', '1533136557'),
(392, 6, 2, 1, 1, 2, 2, '1533136557', '1533136557'),
(393, 6, 2, 1, 2, 3, 2, '1533136557', '1533136557'),
(394, 6, 2, 1, 3, 1, 2, '1533136557', '1533136557'),
(395, 6, 2, 1, 4, 4, 2, '1533136557', '1533136557'),
(396, 6, 2, 1, 5, 1, 2, '1533136557', '1533136557'),
(397, 6, 2, 1, 6, 2, 2, '1533136557', '1533136557'),
(398, 6, 2, 1, 7, 3, 2, '1533136557', '1533136557'),
(399, 6, 2, 1, 8, 5, 2, '1533136557', '1533136557'),
(400, 6, 2, 1, 1, 2, 3, '1533136557', '1533136557'),
(401, 6, 2, 1, 2, 1, 3, '1533136557', '1533136557'),
(402, 6, 2, 1, 3, 4, 3, '1533136557', '1533136557'),
(403, 6, 2, 1, 4, 2, 3, '1533136557', '1533136557'),
(404, 6, 2, 1, 5, 3, 3, '1533136557', '1533136557'),
(405, 6, 2, 1, 6, 5, 3, '1533136557', '1533136557'),
(406, 6, 2, 1, 7, 2, 3, '1533136557', '1533136557'),
(407, 6, 2, 1, 8, 1, 3, '1533136557', '1533136557'),
(408, 6, 2, 1, 1, 4, 4, '1533136557', '1533136557'),
(409, 6, 2, 1, 2, 5, 4, '1533136557', '1533136557'),
(410, 6, 2, 1, 3, 1, 4, '1533136557', '1533136557'),
(411, 6, 2, 1, 4, 2, 4, '1533136557', '1533136557'),
(412, 6, 2, 1, 5, 4, 4, '1533136557', '1533136557'),
(413, 6, 2, 1, 6, 1, 4, '1533136557', '1533136557'),
(414, 6, 2, 1, 7, 2, 4, '1533136557', '1533136557'),
(415, 6, 2, 1, 8, 2, 4, '1533136557', '1533136557'),
(416, 6, 2, 1, 1, 5, 5, '1533136558', '1533136558'),
(417, 6, 2, 1, 2, 3, 5, '1533136558', '1533136558'),
(418, 6, 2, 1, 3, 2, 5, '1533136558', '1533136558'),
(419, 6, 2, 1, 4, 5, 5, '1533136558', '1533136558'),
(420, 6, 2, 1, 5, 4, 5, '1533136558', '1533136558'),
(421, 6, 2, 1, 6, 1, 5, '1533136558', '1533136558'),
(422, 6, 2, 1, 7, 2, 5, '1533136558', '1533136558'),
(423, 6, 2, 1, 8, 5, 5, '1533136558', '1533136558'),
(424, 6, 2, 1, 1, 1, 6, '1533136558', '1533136558'),
(425, 6, 2, 1, 2, 2, 6, '1533136558', '1533136558'),
(426, 6, 2, 1, 3, 5, 6, '1533136558', '1533136558'),
(427, 6, 2, 1, 4, 4, 6, '1533136558', '1533136558'),
(428, 6, 2, 1, 5, 1, 6, '1533136558', '1533136558'),
(429, 6, 2, 1, 6, 2, 6, '1533136558', '1533136558'),
(430, 6, 2, 1, 7, 3, 6, '1533136558', '1533136558'),
(431, 6, 2, 1, 8, 5, 6, '1533136558', '1533136558'),
(432, 6, 2, 1, 1, 4, 7, '1533136558', '1533136558'),
(433, 6, 2, 1, 2, 1, 7, '1533136558', '1533136558'),
(434, 6, 2, 1, 3, 2, 7, '1533136558', '1533136558'),
(435, 6, 2, 1, 4, 3, 7, '1533136558', '1533136558'),
(436, 6, 2, 1, 5, 5, 7, '1533136558', '1533136558'),
(437, 6, 2, 1, 6, 4, 7, '1533136558', '1533136558'),
(438, 6, 2, 1, 7, 1, 7, '1533136558', '1533136558'),
(439, 6, 2, 1, 8, 2, 7, '1533136558', '1533136558'),
(440, 6, 2, 1, 1, 3, 8, '1533136559', '1533136559'),
(441, 6, 2, 1, 2, 5, 8, '1533136559', '1533136559'),
(442, 6, 2, 1, 3, 4, 8, '1533136559', '1533136559'),
(443, 6, 2, 1, 4, 1, 8, '1533136559', '1533136559'),
(444, 6, 2, 1, 5, 2, 8, '1533136559', '1533136559'),
(445, 6, 2, 1, 6, 3, 8, '1533136559', '1533136559'),
(446, 6, 2, 1, 7, 5, 8, '1533136559', '1533136559'),
(447, 6, 2, 1, 8, 4, 8, '1533136559', '1533136559'),
(448, 6, 2, 2, 9, 4, NULL, '1533136559', '1533136559'),
(449, 6, 2, 2, 10, 5, NULL, '1533136559', '1533136559'),
(450, 6, 2, 2, 11, 1, NULL, '1533136559', '1533136559'),
(451, 6, 2, 2, 12, 2, NULL, '1533136559', '1533136559'),
(452, 6, 2, 2, 13, 3, NULL, '1533136559', '1533136559'),
(453, 6, 2, 3, 14, 4, NULL, '1533136559', '1533136559'),
(454, 6, 2, 3, 15, 4, NULL, '1533136559', '1533136559'),
(455, 6, 2, 3, 16, 47, NULL, '1533136559', '1533136559'),
(456, 6, 2, 3, 17, 50, NULL, '1533136559', '1533136559'),
(457, 6, 2, 3, 18, 2, NULL, '1533136559', '1533136559'),
(458, 6, 2, 3, 19, 5, NULL, '1533136559', '1533136559'),
(459, 6, 2, 3, 20, 4, NULL, '1533136559', '1533136559'),
(460, 6, 2, 3, 21, 5, NULL, '1533136559', '1533136559'),
(461, 6, 2, 3, 22, 1, NULL, '1533136559', '1533136559'),
(462, 6, 2, 3, 23, 2, NULL, '1533136559', '1533136559'),
(463, 6, 2, 4, 24, 5, NULL, '1533136560', '1533136560'),
(464, 6, 2, 4, 25, 4, NULL, '1533136560', '1533136560'),
(465, 6, 2, 4, 26, 5, NULL, '1533136560', '1533136560'),
(466, 6, 2, 4, 27, 1, NULL, '1533136560', '1533136560'),
(467, 6, 2, 4, 28, 2, NULL, '1533136560', '1533136560'),
(468, 6, 2, 5, 29, 5, NULL, '1533136560', '1533136560'),
(469, 6, 2, 5, 30, 4, NULL, '1533136560', '1533136560'),
(470, 6, 2, 5, 31, 1, NULL, '1533136560', '1533136560'),
(471, 6, 2, 5, 32, 2, NULL, '1533136560', '1533136560'),
(472, 6, 2, 5, 33, 1, NULL, '1533136560', '1533136560'),
(473, 6, 2, 6, 34, 46, NULL, '1533136560', '1533136560'),
(474, 6, 2, 6, 35, 61, NULL, '1533136560', '1533136560'),
(475, 7, 2, 1, 1, 5, 1, '1533136710', '1533136710'),
(476, 7, 2, 1, 2, 4, 1, '1533136710', '1533136710'),
(477, 7, 2, 1, 3, 1, 1, '1533136710', '1533136710'),
(478, 7, 2, 1, 4, 2, 1, '1533136710', '1533136710'),
(479, 7, 2, 1, 5, 3, 1, '1533136710', '1533136710'),
(480, 7, 2, 1, 6, 5, 1, '1533136711', '1533136711'),
(481, 7, 2, 1, 7, 4, 1, '1533136711', '1533136711'),
(482, 7, 2, 1, 8, 1, 1, '1533136711', '1533136711'),
(483, 7, 2, 1, 1, 2, 2, '1533136711', '1533136711'),
(484, 7, 2, 1, 2, 3, 2, '1533136711', '1533136711'),
(485, 7, 2, 1, 3, 5, 2, '1533136711', '1533136711'),
(486, 7, 2, 1, 4, 4, 2, '1533136711', '1533136711'),
(487, 7, 2, 1, 5, 1, 2, '1533136711', '1533136711'),
(488, 7, 2, 1, 6, 2, 2, '1533136711', '1533136711'),
(489, 7, 2, 1, 7, 3, 2, '1533136711', '1533136711'),
(490, 7, 2, 1, 8, 5, 2, '1533136711', '1533136711'),
(491, 7, 2, 1, 1, 4, 3, '1533136711', '1533136711'),
(492, 7, 2, 1, 2, 1, 3, '1533136711', '1533136711'),
(493, 7, 2, 1, 3, 2, 3, '1533136711', '1533136711'),
(494, 7, 2, 1, 4, 3, 3, '1533136711', '1533136711'),
(495, 7, 2, 1, 5, 5, 3, '1533136711', '1533136711'),
(496, 7, 2, 1, 6, 4, 3, '1533136711', '1533136711'),
(497, 7, 2, 1, 7, 1, 3, '1533136711', '1533136711'),
(498, 7, 2, 1, 8, 2, 3, '1533136711', '1533136711'),
(499, 7, 2, 1, 1, 3, 4, '1533136711', '1533136711'),
(500, 7, 2, 1, 2, 5, 4, '1533136711', '1533136711'),
(501, 7, 2, 1, 3, 4, 4, '1533136711', '1533136711'),
(502, 7, 2, 1, 4, 1, 4, '1533136711', '1533136711'),
(503, 7, 2, 1, 5, 2, 4, '1533136711', '1533136711'),
(504, 7, 2, 1, 6, 3, 4, '1533136712', '1533136712'),
(505, 7, 2, 1, 7, 5, 4, '1533136712', '1533136712'),
(506, 7, 2, 1, 8, 4, 4, '1533136712', '1533136712'),
(507, 7, 2, 1, 1, 1, 5, '1533136712', '1533136712'),
(508, 7, 2, 1, 2, 2, 5, '1533136712', '1533136712'),
(509, 7, 2, 1, 3, 3, 5, '1533136712', '1533136712'),
(510, 7, 2, 1, 4, 5, 5, '1533136712', '1533136712'),
(511, 7, 2, 1, 5, 4, 5, '1533136712', '1533136712'),
(512, 7, 2, 1, 6, 1, 5, '1533136712', '1533136712'),
(513, 7, 2, 1, 7, 2, 5, '1533136712', '1533136712'),
(514, 7, 2, 1, 8, 3, 5, '1533136712', '1533136712'),
(515, 7, 2, 1, 1, 5, 6, '1533136712', '1533136712'),
(516, 7, 2, 1, 2, 4, 6, '1533136712', '1533136712'),
(517, 7, 2, 1, 3, 1, 6, '1533136712', '1533136712'),
(518, 7, 2, 1, 4, 2, 6, '1533136712', '1533136712'),
(519, 7, 2, 1, 5, 3, 6, '1533136712', '1533136712'),
(520, 7, 2, 1, 6, 5, 6, '1533136712', '1533136712'),
(521, 7, 2, 1, 7, 4, 6, '1533136712', '1533136712'),
(522, 7, 2, 1, 8, 1, 6, '1533136712', '1533136712'),
(523, 7, 2, 1, 1, 2, 7, '1533136712', '1533136712'),
(524, 7, 2, 1, 2, 3, 7, '1533136712', '1533136712'),
(525, 7, 2, 1, 3, 5, 7, '1533136712', '1533136712'),
(526, 7, 2, 1, 4, 4, 7, '1533136712', '1533136712'),
(527, 7, 2, 1, 5, 1, 7, '1533136712', '1533136712'),
(528, 7, 2, 1, 6, 2, 7, '1533136713', '1533136713'),
(529, 7, 2, 1, 7, 3, 7, '1533136713', '1533136713'),
(530, 7, 2, 1, 8, 5, 7, '1533136713', '1533136713'),
(531, 7, 2, 1, 1, 4, 8, '1533136713', '1533136713'),
(532, 7, 2, 1, 2, 3, 8, '1533136713', '1533136713'),
(533, 7, 2, 1, 3, 5, 8, '1533136713', '1533136713'),
(534, 7, 2, 1, 4, 4, 8, '1533136713', '1533136713'),
(535, 7, 2, 1, 5, 1, 8, '1533136713', '1533136713'),
(536, 7, 2, 1, 6, 2, 8, '1533136713', '1533136713'),
(537, 7, 2, 1, 7, 3, 8, '1533136713', '1533136713'),
(538, 7, 2, 1, 8, 5, 8, '1533136713', '1533136713'),
(539, 7, 2, 2, 9, 5, NULL, '1533136713', '1533136713'),
(540, 7, 2, 2, 10, 4, NULL, '1533136713', '1533136713'),
(541, 7, 2, 2, 11, 5, NULL, '1533136713', '1533136713'),
(542, 7, 2, 2, 12, 1, NULL, '1533136713', '1533136713'),
(543, 7, 2, 2, 13, 2, NULL, '1533136713', '1533136713'),
(544, 7, 2, 3, 14, 4, NULL, '1533136713', '1533136713'),
(545, 7, 2, 3, 15, 5, NULL, '1533136714', '1533136714'),
(546, 7, 2, 3, 16, 47, NULL, '1533136714', '1533136714'),
(547, 7, 2, 3, 17, 50, NULL, '1533136714', '1533136714'),
(548, 7, 2, 3, 18, 3, NULL, '1533136714', '1533136714'),
(549, 7, 2, 3, 19, 5, NULL, '1533136714', '1533136714'),
(550, 7, 2, 3, 20, 4, NULL, '1533136714', '1533136714'),
(551, 7, 2, 3, 21, 1, NULL, '1533136714', '1533136714'),
(552, 7, 2, 3, 22, 2, NULL, '1533136714', '1533136714'),
(553, 7, 2, 3, 23, 3, NULL, '1533136714', '1533136714'),
(554, 7, 2, 4, 24, 4, NULL, '1533136714', '1533136714'),
(555, 7, 2, 4, 25, 5, NULL, '1533136714', '1533136714'),
(556, 7, 2, 4, 26, 1, NULL, '1533136714', '1533136714'),
(557, 7, 2, 4, 27, 2, NULL, '1533136714', '1533136714'),
(558, 7, 2, 4, 28, 3, NULL, '1533136714', '1533136714'),
(559, 7, 2, 5, 29, 1, NULL, '1533136714', '1533136714'),
(560, 7, 2, 5, 30, 5, NULL, '1533136714', '1533136714'),
(561, 7, 2, 5, 31, 1, NULL, '1533136714', '1533136714'),
(562, 7, 2, 5, 32, 5, NULL, '1533136714', '1533136714'),
(563, 7, 2, 5, 33, 5, NULL, '1533136714', '1533136714'),
(564, 7, 2, 6, 34, 46, NULL, '1533136714', '1533136714'),
(565, 7, 2, 6, 35, 59, NULL, '1533136714', '1533136714'),
(566, 8, 3, 1, 1, 4, 1, '1533136869', '1533136869'),
(567, 8, 3, 1, 2, 5, 1, '1533136869', '1533136869'),
(568, 8, 3, 1, 3, 1, 1, '1533136869', '1533136869'),
(569, 8, 3, 1, 4, 2, 1, '1533136869', '1533136869'),
(570, 8, 3, 1, 5, 3, 1, '1533136870', '1533136870'),
(571, 8, 3, 1, 6, 5, 1, '1533136870', '1533136870'),
(572, 8, 3, 1, 7, 4, 1, '1533136870', '1533136870'),
(573, 8, 3, 1, 8, 1, 1, '1533136870', '1533136870'),
(574, 8, 3, 1, 1, 2, 2, '1533136870', '1533136870'),
(575, 8, 3, 1, 2, 3, 2, '1533136870', '1533136870'),
(576, 8, 3, 1, 3, 5, 2, '1533136870', '1533136870'),
(577, 8, 3, 1, 4, 1, 2, '1533136870', '1533136870'),
(578, 8, 3, 1, 5, 1, 2, '1533136870', '1533136870'),
(579, 8, 3, 1, 6, 2, 2, '1533136870', '1533136870'),
(580, 8, 3, 1, 7, 4, 2, '1533136870', '1533136870'),
(581, 8, 3, 1, 8, 5, 2, '1533136870', '1533136870'),
(582, 8, 3, 1, 1, 1, 3, '1533136870', '1533136870'),
(583, 8, 3, 1, 2, 2, 3, '1533136870', '1533136870'),
(584, 8, 3, 1, 3, 3, 3, '1533136870', '1533136870'),
(585, 8, 3, 1, 4, 5, 3, '1533136870', '1533136870'),
(586, 8, 3, 1, 5, 4, 3, '1533136870', '1533136870'),
(587, 8, 3, 1, 6, 1, 3, '1533136870', '1533136870'),
(588, 8, 3, 1, 7, 2, 3, '1533136870', '1533136870'),
(589, 8, 3, 1, 8, 3, 3, '1533136870', '1533136870'),
(590, 8, 3, 1, 1, 5, 7, '1533136870', '1533136870'),
(591, 8, 3, 1, 2, 4, 7, '1533136871', '1533136871'),
(592, 8, 3, 1, 3, 1, 7, '1533136871', '1533136871'),
(593, 8, 3, 1, 4, 2, 7, '1533136871', '1533136871'),
(594, 8, 3, 1, 5, 3, 7, '1533136871', '1533136871'),
(595, 8, 3, 1, 6, 5, 7, '1533136871', '1533136871'),
(596, 8, 3, 1, 7, 4, 7, '1533136871', '1533136871'),
(597, 8, 3, 1, 8, 1, 7, '1533136871', '1533136871'),
(598, 8, 3, 2, 9, 4, NULL, '1533136871', '1533136871'),
(599, 8, 3, 2, 10, 5, NULL, '1533136871', '1533136871'),
(600, 8, 3, 2, 11, 1, NULL, '1533136871', '1533136871'),
(601, 8, 3, 2, 12, 2, NULL, '1533136871', '1533136871'),
(602, 8, 3, 2, 13, 3, NULL, '1533136871', '1533136871'),
(603, 8, 3, 3, 14, 5, NULL, '1533136871', '1533136871'),
(604, 8, 3, 3, 15, 4, NULL, '1533136871', '1533136871'),
(605, 8, 3, 3, 16, 47, NULL, '1533136871', '1533136871'),
(606, 8, 3, 3, 17, 50, NULL, '1533136872', '1533136872'),
(607, 8, 3, 3, 18, 5, NULL, '1533136872', '1533136872'),
(608, 8, 3, 3, 19, 4, NULL, '1533136872', '1533136872'),
(609, 8, 3, 3, 20, 1, NULL, '1533136872', '1533136872'),
(610, 8, 3, 3, 21, 2, NULL, '1533136872', '1533136872'),
(611, 8, 3, 3, 22, 3, NULL, '1533136872', '1533136872'),
(612, 8, 3, 3, 23, 5, NULL, '1533136872', '1533136872'),
(613, 8, 3, 4, 24, 4, NULL, '1533136872', '1533136872'),
(614, 8, 3, 4, 25, 5, NULL, '1533136872', '1533136872'),
(615, 8, 3, 4, 26, 1, NULL, '1533136873', '1533136873'),
(616, 8, 3, 4, 27, 2, NULL, '1533136873', '1533136873'),
(617, 8, 3, 4, 28, 3, NULL, '1533136873', '1533136873'),
(618, 8, 3, 5, 29, 5, NULL, '1533136873', '1533136873'),
(619, 8, 3, 5, 30, 4, NULL, '1533136873', '1533136873'),
(620, 8, 3, 5, 31, 1, NULL, '1533136873', '1533136873'),
(621, 8, 3, 5, 32, 2, NULL, '1533136873', '1533136873'),
(622, 8, 3, 5, 33, 3, NULL, '1533136873', '1533136873'),
(623, 8, 3, 6, 34, 45, NULL, '1533136873', '1533136873'),
(624, 8, 3, 6, 35, 61, NULL, '1533136874', '1533136874'),
(625, 9, 3, 1, 1, 5, 1, '1533137014', '1533137014'),
(626, 9, 3, 1, 2, 4, 1, '1533137014', '1533137014'),
(627, 9, 3, 1, 3, 1, 1, '1533137014', '1533137014'),
(628, 9, 3, 1, 4, 2, 1, '1533137014', '1533137014'),
(629, 9, 3, 1, 5, 3, 1, '1533137014', '1533137014'),
(630, 9, 3, 1, 6, 5, 1, '1533137014', '1533137014'),
(631, 9, 3, 1, 7, 4, 1, '1533137014', '1533137014'),
(632, 9, 3, 1, 8, 1, 1, '1533137014', '1533137014'),
(633, 9, 3, 1, 1, 2, 2, '1533137014', '1533137014'),
(634, 9, 3, 1, 2, 3, 2, '1533137014', '1533137014'),
(635, 9, 3, 1, 3, 5, 2, '1533137014', '1533137014'),
(636, 9, 3, 1, 4, 4, 2, '1533137014', '1533137014'),
(637, 9, 3, 1, 5, 1, 2, '1533137014', '1533137014'),
(638, 9, 3, 1, 6, 5, 2, '1533137014', '1533137014'),
(639, 9, 3, 1, 7, 4, 2, '1533137014', '1533137014'),
(640, 9, 3, 1, 8, 1, 2, '1533137014', '1533137014'),
(641, 9, 3, 1, 1, 2, 3, '1533137015', '1533137015'),
(642, 9, 3, 1, 2, 3, 3, '1533137015', '1533137015'),
(643, 9, 3, 1, 3, 5, 3, '1533137015', '1533137015'),
(644, 9, 3, 1, 4, 4, 3, '1533137015', '1533137015'),
(645, 9, 3, 1, 5, 1, 3, '1533137015', '1533137015'),
(646, 9, 3, 1, 6, 2, 3, '1533137015', '1533137015'),
(647, 9, 3, 1, 7, 3, 3, '1533137015', '1533137015'),
(648, 9, 3, 1, 8, 5, 3, '1533137015', '1533137015'),
(649, 9, 3, 1, 1, 4, 7, '1533137015', '1533137015'),
(650, 9, 3, 1, 2, 1, 7, '1533137015', '1533137015'),
(651, 9, 3, 1, 3, 2, 7, '1533137015', '1533137015'),
(652, 9, 3, 1, 4, 3, 7, '1533137015', '1533137015'),
(653, 9, 3, 1, 5, 2, 7, '1533137015', '1533137015'),
(654, 9, 3, 1, 6, 5, 7, '1533137015', '1533137015'),
(655, 9, 3, 1, 7, 4, 7, '1533137015', '1533137015'),
(656, 9, 3, 1, 8, 1, 7, '1533137016', '1533137016'),
(657, 9, 3, 2, 9, 5, NULL, '1533137016', '1533137016'),
(658, 9, 3, 2, 10, 4, NULL, '1533137016', '1533137016'),
(659, 9, 3, 2, 11, 1, NULL, '1533137016', '1533137016'),
(660, 9, 3, 2, 12, 2, NULL, '1533137016', '1533137016'),
(661, 9, 3, 2, 13, 3, NULL, '1533137016', '1533137016'),
(662, 9, 3, 3, 14, 5, NULL, '1533137016', '1533137016'),
(663, 9, 3, 3, 15, 4, NULL, '1533137016', '1533137016'),
(664, 9, 3, 3, 16, 47, NULL, '1533137016', '1533137016'),
(665, 9, 3, 3, 17, 50, NULL, '1533137016', '1533137016'),
(666, 9, 3, 3, 18, 5, NULL, '1533137016', '1533137016'),
(667, 9, 3, 3, 19, 4, NULL, '1533137016', '1533137016'),
(668, 9, 3, 3, 20, 1, NULL, '1533137016', '1533137016'),
(669, 9, 3, 3, 21, 2, NULL, '1533137016', '1533137016'),
(670, 9, 3, 3, 22, 3, NULL, '1533137016', '1533137016'),
(671, 9, 3, 3, 23, 5, NULL, '1533137016', '1533137016'),
(672, 9, 3, 4, 24, 5, NULL, '1533137017', '1533137017'),
(673, 9, 3, 4, 25, 4, NULL, '1533137017', '1533137017'),
(674, 9, 3, 4, 26, 1, NULL, '1533137017', '1533137017'),
(675, 9, 3, 4, 27, 2, NULL, '1533137017', '1533137017'),
(676, 9, 3, 4, 28, 3, NULL, '1533137017', '1533137017'),
(677, 9, 3, 5, 29, 1, NULL, '1533137017', '1533137017'),
(678, 9, 3, 5, 30, 2, NULL, '1533137017', '1533137017'),
(679, 9, 3, 5, 31, 3, NULL, '1533137017', '1533137017'),
(680, 9, 3, 5, 32, 5, NULL, '1533137017', '1533137017'),
(681, 9, 3, 5, 33, 4, NULL, '1533137017', '1533137017'),
(682, 9, 3, 6, 34, 45, NULL, '1533137017', '1533137017'),
(683, 9, 3, 6, 35, 61, NULL, '1533137017', '1533137017'),
(684, 10, 4, 1, 1, 4, 9, '1533137143', '1533137143'),
(685, 10, 4, 1, 2, 5, 9, '1533137144', '1533137144'),
(686, 10, 4, 1, 3, 1, 9, '1533137144', '1533137144'),
(687, 10, 4, 1, 4, 2, 9, '1533137144', '1533137144'),
(688, 10, 4, 1, 5, 3, 9, '1533137144', '1533137144'),
(689, 10, 4, 1, 6, 5, 9, '1533137144', '1533137144'),
(690, 10, 4, 1, 7, 4, 9, '1533137144', '1533137144'),
(691, 10, 4, 1, 8, 2, 9, '1533137144', '1533137144'),
(692, 10, 4, 1, 1, 5, 10, '1533137144', '1533137144'),
(693, 10, 4, 1, 2, 4, 10, '1533137144', '1533137144'),
(694, 10, 4, 1, 3, 2, 10, '1533137144', '1533137144'),
(695, 10, 4, 1, 4, 3, 10, '1533137144', '1533137144'),
(696, 10, 4, 1, 5, 5, 10, '1533137144', '1533137144'),
(697, 10, 4, 1, 6, 4, 10, '1533137144', '1533137144'),
(698, 10, 4, 1, 7, 2, 10, '1533137144', '1533137144'),
(699, 10, 4, 1, 8, 3, 10, '1533137144', '1533137144'),
(700, 10, 4, 1, 1, 5, 12, '1533137144', '1533137144'),
(701, 10, 4, 1, 2, 4, 12, '1533137144', '1533137144'),
(702, 10, 4, 1, 3, 2, 12, '1533137144', '1533137144'),
(703, 10, 4, 1, 4, 3, 12, '1533137144', '1533137144'),
(704, 10, 4, 1, 5, 5, 12, '1533137144', '1533137144'),
(705, 10, 4, 1, 6, 4, 12, '1533137144', '1533137144'),
(706, 10, 4, 1, 7, 2, 12, '1533137145', '1533137145'),
(707, 10, 4, 1, 8, 3, 12, '1533137145', '1533137145'),
(708, 10, 4, 1, 1, 5, 14, '1533137145', '1533137145'),
(709, 10, 4, 1, 2, 4, 14, '1533137145', '1533137145'),
(710, 10, 4, 1, 3, 2, 14, '1533137145', '1533137145'),
(711, 10, 4, 1, 4, 3, 14, '1533137145', '1533137145'),
(712, 10, 4, 1, 5, 5, 14, '1533137145', '1533137145'),
(713, 10, 4, 1, 6, 4, 14, '1533137145', '1533137145'),
(714, 10, 4, 1, 7, 2, 14, '1533137145', '1533137145'),
(715, 10, 4, 1, 8, 3, 14, '1533137145', '1533137145'),
(716, 10, 4, 2, 9, 5, NULL, '1533137145', '1533137145'),
(717, 10, 4, 2, 10, 4, NULL, '1533137145', '1533137145'),
(718, 10, 4, 2, 11, 1, NULL, '1533137145', '1533137145'),
(719, 10, 4, 2, 12, 2, NULL, '1533137145', '1533137145'),
(720, 10, 4, 2, 13, 3, NULL, '1533137145', '1533137145'),
(721, 10, 4, 3, 14, 5, NULL, '1533137145', '1533137145'),
(722, 10, 4, 3, 15, 4, NULL, '1533137145', '1533137145'),
(723, 10, 4, 3, 16, 47, NULL, '1533137145', '1533137145'),
(724, 10, 4, 3, 17, 50, NULL, '1533137145', '1533137145'),
(725, 10, 4, 3, 18, 3, NULL, '1533137145', '1533137145'),
(726, 10, 4, 3, 19, 5, NULL, '1533137146', '1533137146'),
(727, 10, 4, 3, 20, 4, NULL, '1533137146', '1533137146'),
(728, 10, 4, 3, 21, 1, NULL, '1533137146', '1533137146'),
(729, 10, 4, 3, 22, 2, NULL, '1533137146', '1533137146'),
(730, 10, 4, 3, 23, 3, NULL, '1533137146', '1533137146'),
(731, 10, 4, 4, 24, 5, NULL, '1533137146', '1533137146'),
(732, 10, 4, 4, 25, 4, NULL, '1533137146', '1533137146'),
(733, 10, 4, 4, 26, 2, NULL, '1533137146', '1533137146'),
(734, 10, 4, 4, 27, 3, NULL, '1533137146', '1533137146'),
(735, 10, 4, 4, 28, 5, NULL, '1533137146', '1533137146'),
(736, 10, 4, 5, 29, 5, NULL, '1533137146', '1533137146'),
(737, 10, 4, 5, 30, 4, NULL, '1533137146', '1533137146'),
(738, 10, 4, 5, 31, 5, NULL, '1533137146', '1533137146'),
(739, 10, 4, 5, 32, 4, NULL, '1533137146', '1533137146'),
(740, 10, 4, 5, 33, 5, NULL, '1533137146', '1533137146'),
(741, 10, 4, 6, 34, 45, NULL, '1533137146', '1533137146'),
(742, 10, 4, 6, 35, 59, NULL, '1533137146', '1533137146'),
(743, 11, 5, 1, 1, 5, 9, '1533137311', '1533137311'),
(744, 11, 5, 1, 2, 4, 9, '1533137311', '1533137311'),
(745, 11, 5, 1, 3, 2, 9, '1533137311', '1533137311'),
(746, 11, 5, 1, 4, 3, 9, '1533137311', '1533137311'),
(747, 11, 5, 1, 5, 5, 9, '1533137311', '1533137311'),
(748, 11, 5, 1, 6, 4, 9, '1533137311', '1533137311'),
(749, 11, 5, 1, 7, 2, 9, '1533137311', '1533137311'),
(750, 11, 5, 1, 8, 3, 9, '1533137312', '1533137312'),
(751, 11, 5, 1, 1, 5, 10, '1533137312', '1533137312'),
(752, 11, 5, 1, 2, 4, 10, '1533137312', '1533137312'),
(753, 11, 5, 1, 3, 2, 10, '1533137312', '1533137312'),
(754, 11, 5, 1, 4, 3, 10, '1533137312', '1533137312'),
(755, 11, 5, 1, 5, 5, 10, '1533137312', '1533137312'),
(756, 11, 5, 1, 6, 4, 10, '1533137312', '1533137312'),
(757, 11, 5, 1, 7, 2, 10, '1533137312', '1533137312'),
(758, 11, 5, 1, 8, 3, 10, '1533137312', '1533137312'),
(759, 11, 5, 1, 1, 5, 11, '1533137312', '1533137312'),
(760, 11, 5, 1, 2, 4, 11, '1533137312', '1533137312'),
(761, 11, 5, 1, 3, 2, 11, '1533137312', '1533137312'),
(762, 11, 5, 1, 4, 3, 11, '1533137312', '1533137312'),
(763, 11, 5, 1, 5, 5, 11, '1533137312', '1533137312'),
(764, 11, 5, 1, 6, 4, 11, '1533137312', '1533137312'),
(765, 11, 5, 1, 7, 2, 11, '1533137312', '1533137312'),
(766, 11, 5, 1, 8, 3, 11, '1533137312', '1533137312'),
(767, 11, 5, 1, 1, 5, 12, '1533137312', '1533137312'),
(768, 11, 5, 1, 2, 4, 12, '1533137312', '1533137312'),
(769, 11, 5, 1, 3, 2, 12, '1533137312', '1533137312'),
(770, 11, 5, 1, 4, 3, 12, '1533137312', '1533137312'),
(771, 11, 5, 1, 5, 5, 12, '1533137313', '1533137313'),
(772, 11, 5, 1, 6, 4, 12, '1533137313', '1533137313'),
(773, 11, 5, 1, 7, 2, 12, '1533137313', '1533137313'),
(774, 11, 5, 1, 8, 3, 12, '1533137313', '1533137313'),
(775, 11, 5, 1, 1, 5, 13, '1533137313', '1533137313'),
(776, 11, 5, 1, 2, 4, 13, '1533137313', '1533137313'),
(777, 11, 5, 1, 3, 2, 13, '1533137313', '1533137313'),
(778, 11, 5, 1, 4, 3, 13, '1533137313', '1533137313'),
(779, 11, 5, 1, 5, 5, 13, '1533137313', '1533137313'),
(780, 11, 5, 1, 6, 4, 13, '1533137313', '1533137313'),
(781, 11, 5, 1, 7, 2, 13, '1533137313', '1533137313'),
(782, 11, 5, 1, 8, 3, 13, '1533137313', '1533137313'),
(783, 11, 5, 1, 1, 5, 14, '1533137313', '1533137313'),
(784, 11, 5, 1, 2, 4, 14, '1533137313', '1533137313'),
(785, 11, 5, 1, 3, 2, 14, '1533137313', '1533137313'),
(786, 11, 5, 1, 4, 2, 14, '1533137313', '1533137313'),
(787, 11, 5, 1, 5, 5, 14, '1533137313', '1533137313'),
(788, 11, 5, 1, 6, 4, 14, '1533137313', '1533137313'),
(789, 11, 5, 1, 7, 2, 14, '1533137313', '1533137313'),
(790, 11, 5, 1, 8, 3, 14, '1533137313', '1533137313'),
(791, 11, 5, 2, 9, 5, NULL, '1533137314', '1533137314'),
(792, 11, 5, 2, 10, 4, NULL, '1533137314', '1533137314'),
(793, 11, 5, 2, 11, 1, NULL, '1533137314', '1533137314'),
(794, 11, 5, 2, 12, 2, NULL, '1533137314', '1533137314'),
(795, 11, 5, 2, 13, 3, NULL, '1533137314', '1533137314'),
(796, 11, 5, 3, 14, 5, NULL, '1533137314', '1533137314'),
(797, 11, 5, 3, 15, 4, NULL, '1533137314', '1533137314'),
(798, 11, 5, 3, 16, 47, NULL, '1533137314', '1533137314'),
(799, 11, 5, 3, 17, 50, NULL, '1533137314', '1533137314'),
(800, 11, 5, 3, 18, 3, NULL, '1533137314', '1533137314'),
(801, 11, 5, 3, 19, 5, NULL, '1533137314', '1533137314'),
(802, 11, 5, 3, 20, 4, NULL, '1533137314', '1533137314'),
(803, 11, 5, 3, 21, 1, NULL, '1533137314', '1533137314'),
(804, 11, 5, 3, 22, 2, NULL, '1533137314', '1533137314'),
(805, 11, 5, 3, 23, 3, NULL, '1533137314', '1533137314'),
(806, 11, 5, 4, 24, 5, NULL, '1533137314', '1533137314'),
(807, 11, 5, 4, 25, 4, NULL, '1533137314', '1533137314'),
(808, 11, 5, 4, 26, 1, NULL, '1533137315', '1533137315'),
(809, 11, 5, 4, 27, 2, NULL, '1533137315', '1533137315'),
(810, 11, 5, 4, 28, 3, NULL, '1533137315', '1533137315'),
(811, 11, 5, 5, 29, 5, NULL, '1533137315', '1533137315'),
(812, 11, 5, 5, 30, 4, NULL, '1533137315', '1533137315'),
(813, 11, 5, 5, 31, 2, NULL, '1533137315', '1533137315'),
(814, 11, 5, 5, 32, 3, NULL, '1533137315', '1533137315'),
(815, 11, 5, 5, 33, 5, NULL, '1533137315', '1533137315'),
(816, 11, 5, 6, 34, 45, NULL, '1533137315', '1533137315'),
(817, 11, 5, 6, 35, 59, NULL, '1533137315', '1533137315'),
(818, 12, 5, 1, 1, 5, 9, '1533137504', '1533137504'),
(819, 12, 5, 1, 2, 4, 9, '1533137504', '1533137504'),
(820, 12, 5, 1, 3, 5, 9, '1533137504', '1533137504'),
(821, 12, 5, 1, 4, 2, 9, '1533137504', '1533137504'),
(822, 12, 5, 1, 5, 5, 9, '1533137504', '1533137504'),
(823, 12, 5, 1, 6, 5, 9, '1533137504', '1533137504'),
(824, 12, 5, 1, 7, 2, 9, '1533137504', '1533137504'),
(825, 12, 5, 1, 8, 3, 9, '1533137504', '1533137504'),
(826, 12, 5, 1, 1, 5, 10, '1533137504', '1533137504'),
(827, 12, 5, 1, 2, 2, 10, '1533137504', '1533137504'),
(828, 12, 5, 1, 3, 4, 10, '1533137504', '1533137504'),
(829, 12, 5, 1, 4, 1, 10, '1533137504', '1533137504'),
(830, 12, 5, 1, 5, 2, 10, '1533137504', '1533137504'),
(831, 12, 5, 1, 6, 5, 10, '1533137504', '1533137504'),
(832, 12, 5, 1, 7, 3, 10, '1533137504', '1533137504'),
(833, 12, 5, 1, 8, 2, 10, '1533137504', '1533137504'),
(834, 12, 5, 1, 1, 5, 11, '1533137504', '1533137504'),
(835, 12, 5, 1, 2, 4, 11, '1533137504', '1533137504'),
(836, 12, 5, 1, 3, 5, 11, '1533137504', '1533137504'),
(837, 12, 5, 1, 4, 4, 11, '1533137504', '1533137504'),
(838, 12, 5, 1, 5, 5, 11, '1533137504', '1533137504'),
(839, 12, 5, 1, 6, 2, 11, '1533137505', '1533137505'),
(840, 12, 5, 1, 7, 3, 11, '1533137505', '1533137505'),
(841, 12, 5, 1, 8, 5, 11, '1533137505', '1533137505'),
(842, 12, 5, 1, 1, 2, 12, '1533137505', '1533137505'),
(843, 12, 5, 1, 2, 1, 12, '1533137505', '1533137505'),
(844, 12, 5, 1, 3, 5, 12, '1533137505', '1533137505'),
(845, 12, 5, 1, 4, 2, 12, '1533137505', '1533137505'),
(846, 12, 5, 1, 5, 3, 12, '1533137505', '1533137505'),
(847, 12, 5, 1, 6, 5, 12, '1533137505', '1533137505'),
(848, 12, 5, 1, 7, 2, 12, '1533137505', '1533137505'),
(849, 12, 5, 1, 8, 4, 12, '1533137505', '1533137505'),
(850, 12, 5, 1, 1, 1, 13, '1533137505', '1533137505'),
(851, 12, 5, 1, 2, 5, 13, '1533137505', '1533137505'),
(852, 12, 5, 1, 3, 2, 13, '1533137505', '1533137505'),
(853, 12, 5, 1, 4, 3, 13, '1533137505', '1533137505'),
(854, 12, 5, 1, 5, 5, 13, '1533137505', '1533137505'),
(855, 12, 5, 1, 6, 2, 13, '1533137505', '1533137505'),
(856, 12, 5, 1, 7, 3, 13, '1533137505', '1533137505'),
(857, 12, 5, 1, 8, 2, 13, '1533137505', '1533137505'),
(858, 12, 5, 1, 1, 5, 14, '1533137505', '1533137505'),
(859, 12, 5, 1, 2, 4, 14, '1533137505', '1533137505'),
(860, 12, 5, 1, 3, 1, 14, '1533137505', '1533137505'),
(861, 12, 5, 1, 4, 2, 14, '1533137505', '1533137505'),
(862, 12, 5, 1, 5, 5, 14, '1533137505', '1533137505'),
(863, 12, 5, 1, 6, 3, 14, '1533137505', '1533137505'),
(864, 12, 5, 1, 7, 2, 14, '1533137506', '1533137506'),
(865, 12, 5, 1, 8, 5, 14, '1533137506', '1533137506'),
(866, 12, 5, 2, 9, 5, NULL, '1533137506', '1533137506'),
(867, 12, 5, 2, 10, 4, NULL, '1533137506', '1533137506'),
(868, 12, 5, 2, 11, 5, NULL, '1533137506', '1533137506'),
(869, 12, 5, 2, 12, 2, NULL, '1533137506', '1533137506'),
(870, 12, 5, 2, 13, 5, NULL, '1533137506', '1533137506'),
(871, 12, 5, 3, 14, 5, NULL, '1533137506', '1533137506'),
(872, 12, 5, 3, 15, 4, NULL, '1533137506', '1533137506'),
(873, 12, 5, 3, 16, 47, NULL, '1533137506', '1533137506'),
(874, 12, 5, 3, 17, 50, NULL, '1533137506', '1533137506'),
(875, 12, 5, 3, 18, 3, NULL, '1533137506', '1533137506'),
(876, 12, 5, 3, 19, 5, NULL, '1533137506', '1533137506'),
(877, 12, 5, 3, 20, 2, NULL, '1533137506', '1533137506'),
(878, 12, 5, 3, 21, 4, NULL, '1533137506', '1533137506'),
(879, 12, 5, 3, 22, 5, NULL, '1533137506', '1533137506'),
(880, 12, 5, 3, 23, 2, NULL, '1533137506', '1533137506'),
(881, 12, 5, 4, 24, 5, NULL, '1533137506', '1533137506'),
(882, 12, 5, 4, 25, 2, NULL, '1533137506', '1533137506'),
(883, 12, 5, 4, 26, 3, NULL, '1533137506', '1533137506'),
(884, 12, 5, 4, 27, 5, NULL, '1533137506', '1533137506'),
(885, 12, 5, 4, 28, 4, NULL, '1533137506', '1533137506'),
(886, 12, 5, 5, 29, 5, NULL, '1533137507', '1533137507'),
(887, 12, 5, 5, 30, 4, NULL, '1533137507', '1533137507'),
(888, 12, 5, 5, 31, 5, NULL, '1533137507', '1533137507'),
(889, 12, 5, 5, 32, 2, NULL, '1533137507', '1533137507'),
(890, 12, 5, 5, 33, 3, NULL, '1533137507', '1533137507'),
(891, 12, 5, 6, 34, 45, NULL, '1533137507', '1533137507'),
(892, 12, 5, 6, 35, 59, NULL, '1533137507', '1533137507'),
(893, 13, 6, 1, 1, 0, 9, '1533139365', '1533139365'),
(894, 13, 6, 1, 2, 3, 9, '1533139365', '1533139365'),
(895, 13, 6, 1, 3, 2, 9, '1533139365', '1533139365'),
(896, 13, 6, 1, 4, 5, 9, '1533139365', '1533139365'),
(897, 13, 6, 1, 5, 4, 9, '1533139365', '1533139365'),
(898, 13, 6, 1, 6, 2, 9, '1533139365', '1533139365'),
(899, 13, 6, 1, 7, 1, 9, '1533139365', '1533139365'),
(900, 13, 6, 1, 8, 5, 9, '1533139365', '1533139365'),
(901, 13, 6, 1, 1, 3, 10, '1533139365', '1533139365'),
(902, 13, 6, 1, 2, 2, 10, '1533139365', '1533139365'),
(903, 13, 6, 1, 3, 3, 10, '1533139365', '1533139365'),
(904, 13, 6, 1, 4, 0, 10, '1533139366', '1533139366'),
(905, 13, 6, 1, 5, 1, 10, '1533139366', '1533139366'),
(906, 13, 6, 1, 6, 2, 10, '1533139366', '1533139366'),
(907, 13, 6, 1, 7, 5, 10, '1533139366', '1533139366'),
(908, 13, 6, 1, 8, 4, 10, '1533139366', '1533139366'),
(909, 13, 6, 1, 1, 5, 11, '1533139366', '1533139366'),
(910, 13, 6, 1, 2, 3, 11, '1533139366', '1533139366'),
(911, 13, 6, 1, 3, 2, 11, '1533139366', '1533139366'),
(912, 13, 6, 1, 4, 1, 11, '1533139366', '1533139366'),
(913, 13, 6, 1, 5, 4, 11, '1533139366', '1533139366'),
(914, 13, 6, 1, 6, 2, 11, '1533139366', '1533139366'),
(915, 13, 6, 1, 7, 0, 11, '1533139366', '1533139366'),
(916, 13, 6, 1, 8, 2, 11, '1533139366', '1533139366'),
(917, 13, 6, 1, 1, 3, 13, '1533139366', '1533139366'),
(918, 13, 6, 1, 2, 2, 13, '1533139366', '1533139366'),
(919, 13, 6, 1, 3, 0, 13, '1533139367', '1533139367'),
(920, 13, 6, 1, 4, 2, 13, '1533139367', '1533139367'),
(921, 13, 6, 1, 5, 1, 13, '1533139367', '1533139367'),
(922, 13, 6, 1, 6, 4, 13, '1533139367', '1533139367'),
(923, 13, 6, 1, 7, 5, 13, '1533139367', '1533139367'),
(924, 13, 6, 1, 8, 2, 13, '1533139367', '1533139367'),
(925, 13, 6, 1, 1, 3, 14, '1533139367', '1533139367'),
(926, 13, 6, 1, 2, 2, 14, '1533139367', '1533139367'),
(927, 13, 6, 1, 3, 5, 14, '1533139367', '1533139367'),
(928, 13, 6, 1, 4, 4, 14, '1533139367', '1533139367'),
(929, 13, 6, 1, 5, 2, 14, '1533139367', '1533139367'),
(930, 13, 6, 1, 6, 3, 14, '1533139367', '1533139367'),
(931, 13, 6, 1, 7, 1, 14, '1533139367', '1533139367'),
(932, 13, 6, 1, 8, 5, 14, '1533139367', '1533139367'),
(933, 13, 6, 2, 9, 3, NULL, '1533139367', '1533139367'),
(934, 13, 6, 2, 10, 1, NULL, '1533139368', '1533139368'),
(935, 13, 6, 2, 11, 0, NULL, '1533139368', '1533139368'),
(936, 13, 6, 2, 12, 2, NULL, '1533139368', '1533139368'),
(937, 13, 6, 2, 13, 5, NULL, '1533139368', '1533139368'),
(938, 13, 6, 3, 14, 2, NULL, '1533139368', '1533139368'),
(939, 13, 6, 3, 15, 3, NULL, '1533139368', '1533139368'),
(940, 13, 6, 3, 16, 48, NULL, '1533139368', '1533139368'),
(941, 13, 6, 3, 17, 52, NULL, '1533139368', '1533139368'),
(942, 13, 6, 3, 18, 2, NULL, '1533139368', '1533139368'),
(943, 13, 6, 3, 19, 4, NULL, '1533139368', '1533139368'),
(944, 13, 6, 3, 20, 1, NULL, '1533139368', '1533139368');
INSERT INTO `analysis_master` (`analysis_master_id`, `entry_id`, `class_id`, `section_id`, `criteria_id`, `criteria_points`, `emp_code`, `created_at`, `updated_at`) VALUES
(945, 13, 6, 3, 21, 2, NULL, '1533139368', '1533139368'),
(946, 13, 6, 3, 22, 3, NULL, '1533139368', '1533139368'),
(947, 13, 6, 3, 23, 2, NULL, '1533139369', '1533139369'),
(948, 13, 6, 4, 24, 2, NULL, '1533139369', '1533139369'),
(949, 13, 6, 4, 25, 3, NULL, '1533139369', '1533139369'),
(950, 13, 6, 4, 26, 1, NULL, '1533139369', '1533139369'),
(951, 13, 6, 4, 27, 2, NULL, '1533139369', '1533139369'),
(952, 13, 6, 4, 28, 3, NULL, '1533139369', '1533139369'),
(953, 13, 6, 5, 29, 3, NULL, '1533139369', '1533139369'),
(954, 13, 6, 5, 30, 2, NULL, '1533139369', '1533139369'),
(955, 13, 6, 5, 31, 1, NULL, '1533139369', '1533139369'),
(956, 13, 6, 5, 32, 0, NULL, '1533139369', '1533139369'),
(957, 13, 6, 5, 33, 5, NULL, '1533139369', '1533139369'),
(958, 13, 6, 6, 34, 46, NULL, '1533139369', '1533139369'),
(959, 13, 6, 6, 35, 61, NULL, '1533139369', '1533139369'),
(960, 14, 6, 1, 1, 2, 9, '1533139742', '1533139742'),
(961, 14, 6, 1, 2, 3, 9, '1533139742', '1533139742'),
(962, 14, 6, 1, 3, 1, 9, '1533139742', '1533139742'),
(963, 14, 6, 1, 4, 4, 9, '1533139742', '1533139742'),
(964, 14, 6, 1, 5, 5, 9, '1533139742', '1533139742'),
(965, 14, 6, 1, 6, 2, 9, '1533139742', '1533139742'),
(966, 14, 6, 1, 7, 3, 9, '1533139742', '1533139742'),
(967, 14, 6, 1, 8, 0, 9, '1533139742', '1533139742'),
(968, 14, 6, 1, 1, 2, 10, '1533139742', '1533139742'),
(969, 14, 6, 1, 2, 5, 10, '1533139742', '1533139742'),
(970, 14, 6, 1, 3, 4, 10, '1533139742', '1533139742'),
(971, 14, 6, 1, 4, 1, 10, '1533139742', '1533139742'),
(972, 14, 6, 1, 5, 3, 10, '1533139742', '1533139742'),
(973, 14, 6, 1, 6, 0, 10, '1533139743', '1533139743'),
(974, 14, 6, 1, 7, 2, 10, '1533139743', '1533139743'),
(975, 14, 6, 1, 8, 5, 10, '1533139743', '1533139743'),
(976, 14, 6, 1, 1, 4, 11, '1533139743', '1533139743'),
(977, 14, 6, 1, 2, 1, 11, '1533139743', '1533139743'),
(978, 14, 6, 1, 3, 2, 11, '1533139743', '1533139743'),
(979, 14, 6, 1, 4, 5, 11, '1533139743', '1533139743'),
(980, 14, 6, 1, 5, 3, 11, '1533139743', '1533139743'),
(981, 14, 6, 1, 6, 2, 11, '1533139743', '1533139743'),
(982, 14, 6, 1, 7, 0, 11, '1533139743', '1533139743'),
(983, 14, 6, 1, 8, 2, 11, '1533139743', '1533139743'),
(984, 14, 6, 1, 1, 3, 13, '1533139743', '1533139743'),
(985, 14, 6, 1, 2, 0, 13, '1533139743', '1533139743'),
(986, 14, 6, 1, 3, 2, 13, '1533139743', '1533139743'),
(987, 14, 6, 1, 4, 4, 13, '1533139743', '1533139743'),
(988, 14, 6, 1, 5, 1, 13, '1533139743', '1533139743'),
(989, 14, 6, 1, 6, 2, 13, '1533139743', '1533139743'),
(990, 14, 6, 1, 7, 5, 13, '1533139743', '1533139743'),
(991, 14, 6, 1, 8, 3, 13, '1533139743', '1533139743'),
(992, 14, 6, 1, 1, 0, 14, '1533139743', '1533139743'),
(993, 14, 6, 1, 2, 2, 14, '1533139743', '1533139743'),
(994, 14, 6, 1, 3, 5, 14, '1533139743', '1533139743'),
(995, 14, 6, 1, 4, 3, 14, '1533139743', '1533139743'),
(996, 14, 6, 1, 5, 2, 14, '1533139743', '1533139743'),
(997, 14, 6, 1, 6, 1, 14, '1533139744', '1533139744'),
(998, 14, 6, 1, 7, 4, 14, '1533139744', '1533139744'),
(999, 14, 6, 1, 8, 5, 14, '1533139744', '1533139744'),
(1000, 14, 6, 2, 9, 3, NULL, '1533139744', '1533139744'),
(1001, 14, 6, 2, 10, 2, NULL, '1533139744', '1533139744'),
(1002, 14, 6, 2, 11, 0, NULL, '1533139744', '1533139744'),
(1003, 14, 6, 2, 12, 1, NULL, '1533139744', '1533139744'),
(1004, 14, 6, 2, 13, 4, NULL, '1533139744', '1533139744'),
(1005, 14, 6, 3, 14, 2, NULL, '1533139744', '1533139744'),
(1006, 14, 6, 3, 15, 3, NULL, '1533139744', '1533139744'),
(1007, 14, 6, 3, 16, 49, NULL, '1533139744', '1533139744'),
(1008, 14, 6, 3, 17, 51, NULL, '1533139744', '1533139744'),
(1009, 14, 6, 3, 18, 5, NULL, '1533139744', '1533139744'),
(1010, 14, 6, 3, 19, 4, NULL, '1533139744', '1533139744'),
(1011, 14, 6, 3, 20, 2, NULL, '1533139744', '1533139744'),
(1012, 14, 6, 3, 21, 3, NULL, '1533139744', '1533139744'),
(1013, 14, 6, 3, 22, 2, NULL, '1533139744', '1533139744'),
(1014, 14, 6, 3, 23, 1, NULL, '1533139744', '1533139744'),
(1015, 14, 6, 4, 24, 3, NULL, '1533139744', '1533139744'),
(1016, 14, 6, 4, 25, 5, NULL, '1533139745', '1533139745'),
(1017, 14, 6, 4, 26, 4, NULL, '1533139745', '1533139745'),
(1018, 14, 6, 4, 27, 2, NULL, '1533139745', '1533139745'),
(1019, 14, 6, 4, 28, 1, NULL, '1533139745', '1533139745'),
(1020, 14, 6, 5, 29, 4, NULL, '1533139745', '1533139745'),
(1021, 14, 6, 5, 30, 2, NULL, '1533139745', '1533139745'),
(1022, 14, 6, 5, 31, 3, NULL, '1533139745', '1533139745'),
(1023, 14, 6, 5, 32, 0, NULL, '1533139745', '1533139745'),
(1024, 14, 6, 5, 33, 2, NULL, '1533139745', '1533139745'),
(1025, 14, 6, 6, 34, 46, NULL, '1533139745', '1533139745'),
(1026, 14, 6, 6, 35, 60, NULL, '1533139745', '1533139745'),
(1027, 15, 7, 1, 1, 3, 16, '1533139860', '1533139860'),
(1028, 15, 7, 1, 2, 2, 16, '1533139860', '1533139860'),
(1029, 15, 7, 1, 3, 0, 16, '1533139860', '1533139860'),
(1030, 15, 7, 1, 4, 1, 16, '1533139860', '1533139860'),
(1031, 15, 7, 1, 5, 4, 16, '1533139860', '1533139860'),
(1032, 15, 7, 1, 6, 5, 16, '1533139860', '1533139860'),
(1033, 15, 7, 1, 7, 2, 16, '1533139860', '1533139860'),
(1034, 15, 7, 1, 8, 3, 16, '1533139860', '1533139860'),
(1035, 15, 7, 1, 1, 0, 17, '1533139860', '1533139860'),
(1036, 15, 7, 1, 2, 1, 17, '1533139860', '1533139860'),
(1037, 15, 7, 1, 3, 2, 17, '1533139860', '1533139860'),
(1038, 15, 7, 1, 4, 3, 17, '1533139860', '1533139860'),
(1039, 15, 7, 1, 5, 5, 17, '1533139860', '1533139860'),
(1040, 15, 7, 1, 6, 4, 17, '1533139860', '1533139860'),
(1041, 15, 7, 1, 7, 2, 17, '1533139860', '1533139860'),
(1042, 15, 7, 1, 8, 3, 17, '1533139860', '1533139860'),
(1043, 15, 7, 1, 1, 0, 18, '1533139860', '1533139860'),
(1044, 15, 7, 1, 2, 1, 18, '1533139860', '1533139860'),
(1045, 15, 7, 1, 3, 5, 18, '1533139860', '1533139860'),
(1046, 15, 7, 1, 4, 2, 18, '1533139861', '1533139861'),
(1047, 15, 7, 1, 5, 3, 18, '1533139861', '1533139861'),
(1048, 15, 7, 1, 6, 0, 18, '1533139861', '1533139861'),
(1049, 15, 7, 1, 7, 2, 18, '1533139861', '1533139861'),
(1050, 15, 7, 1, 8, 1, 18, '1533139861', '1533139861'),
(1051, 15, 7, 1, 1, 4, 19, '1533139861', '1533139861'),
(1052, 15, 7, 1, 2, 5, 19, '1533139861', '1533139861'),
(1053, 15, 7, 1, 3, 2, 19, '1533139861', '1533139861'),
(1054, 15, 7, 1, 4, 3, 19, '1533139861', '1533139861'),
(1055, 15, 7, 1, 5, 0, 19, '1533139861', '1533139861'),
(1056, 15, 7, 1, 6, 2, 19, '1533139861', '1533139861'),
(1057, 15, 7, 1, 7, 5, 19, '1533139861', '1533139861'),
(1058, 15, 7, 1, 8, 3, 19, '1533139861', '1533139861'),
(1059, 15, 7, 2, 9, 2, NULL, '1533139861', '1533139861'),
(1060, 15, 7, 2, 10, 5, NULL, '1533139861', '1533139861'),
(1061, 15, 7, 2, 11, 2, NULL, '1533139861', '1533139861'),
(1062, 15, 7, 2, 12, 3, NULL, '1533139861', '1533139861'),
(1063, 15, 7, 2, 13, 0, NULL, '1533139861', '1533139861'),
(1064, 15, 7, 3, 14, 2, NULL, '1533139861', '1533139861'),
(1065, 15, 7, 3, 15, 1, NULL, '1533139861', '1533139861'),
(1066, 15, 7, 3, 16, 49, NULL, '1533139861', '1533139861'),
(1067, 15, 7, 3, 17, 51, NULL, '1533139861', '1533139861'),
(1068, 15, 7, 3, 18, 2, NULL, '1533139861', '1533139861'),
(1069, 15, 7, 3, 19, 3, NULL, '1533139862', '1533139862'),
(1070, 15, 7, 3, 20, 0, NULL, '1533139862', '1533139862'),
(1071, 15, 7, 3, 21, 2, NULL, '1533139862', '1533139862'),
(1072, 15, 7, 3, 22, 5, NULL, '1533139862', '1533139862'),
(1073, 15, 7, 3, 23, 3, NULL, '1533139862', '1533139862'),
(1074, 15, 7, 4, 24, 3, NULL, '1533139862', '1533139862'),
(1075, 15, 7, 4, 25, 2, NULL, '1533139862', '1533139862'),
(1076, 15, 7, 4, 26, 4, NULL, '1533139862', '1533139862'),
(1077, 15, 7, 4, 27, 5, NULL, '1533139862', '1533139862'),
(1078, 15, 7, 4, 28, 2, NULL, '1533139862', '1533139862'),
(1079, 15, 7, 5, 29, 3, NULL, '1533139862', '1533139862'),
(1080, 15, 7, 5, 30, 2, NULL, '1533139862', '1533139862'),
(1081, 15, 7, 5, 31, 5, NULL, '1533139862', '1533139862'),
(1082, 15, 7, 5, 32, 3, NULL, '1533139862', '1533139862'),
(1083, 15, 7, 5, 33, 2, NULL, '1533139862', '1533139862'),
(1084, 15, 7, 6, 34, 46, NULL, '1533139862', '1533139862'),
(1085, 15, 7, 6, 35, 60, NULL, '1533139862', '1533139862'),
(1086, 16, 7, 1, 1, 5, 16, '1533139992', '1533139992'),
(1087, 16, 7, 1, 2, 3, 16, '1533139992', '1533139992'),
(1088, 16, 7, 1, 3, 0, 16, '1533139992', '1533139992'),
(1089, 16, 7, 1, 4, 2, 16, '1533139992', '1533139992'),
(1090, 16, 7, 1, 5, 3, 16, '1533139992', '1533139992'),
(1091, 16, 7, 1, 6, 0, 16, '1533139992', '1533139992'),
(1092, 16, 7, 1, 7, 2, 16, '1533139992', '1533139992'),
(1093, 16, 7, 1, 8, 5, 16, '1533139992', '1533139992'),
(1094, 16, 7, 1, 1, 1, 17, '1533139992', '1533139992'),
(1095, 16, 7, 1, 2, 3, 17, '1533139992', '1533139992'),
(1096, 16, 7, 1, 3, 0, 17, '1533139992', '1533139992'),
(1097, 16, 7, 1, 4, 2, 17, '1533139992', '1533139992'),
(1098, 16, 7, 1, 5, 5, 17, '1533139993', '1533139993'),
(1099, 16, 7, 1, 6, 4, 17, '1533139993', '1533139993'),
(1100, 16, 7, 1, 7, 3, 17, '1533139993', '1533139993'),
(1101, 16, 7, 1, 8, 0, 17, '1533139993', '1533139993'),
(1102, 16, 7, 1, 1, 2, 18, '1533139993', '1533139993'),
(1103, 16, 7, 1, 2, 5, 18, '1533139993', '1533139993'),
(1104, 16, 7, 1, 3, 3, 18, '1533139993', '1533139993'),
(1105, 16, 7, 1, 4, 0, 18, '1533139993', '1533139993'),
(1106, 16, 7, 1, 5, 2, 18, '1533139993', '1533139993'),
(1107, 16, 7, 1, 6, 1, 18, '1533139993', '1533139993'),
(1108, 16, 7, 1, 7, 4, 18, '1533139993', '1533139993'),
(1109, 16, 7, 1, 8, 5, 18, '1533139993', '1533139993'),
(1110, 16, 7, 1, 1, 3, 19, '1533139993', '1533139993'),
(1111, 16, 7, 1, 2, 2, 19, '1533139993', '1533139993'),
(1112, 16, 7, 1, 3, 3, 19, '1533139993', '1533139993'),
(1113, 16, 7, 1, 4, 5, 19, '1533139993', '1533139993'),
(1114, 16, 7, 1, 5, 3, 19, '1533139993', '1533139993'),
(1115, 16, 7, 1, 6, 0, 19, '1533139993', '1533139993'),
(1116, 16, 7, 1, 7, 2, 19, '1533139994', '1533139994'),
(1117, 16, 7, 1, 8, 5, 19, '1533139994', '1533139994'),
(1118, 16, 7, 2, 9, 5, NULL, '1533139994', '1533139994'),
(1119, 16, 7, 2, 10, 4, NULL, '1533139994', '1533139994'),
(1120, 16, 7, 2, 11, 2, NULL, '1533139994', '1533139994'),
(1121, 16, 7, 2, 12, 3, NULL, '1533139994', '1533139994'),
(1122, 16, 7, 2, 13, 2, NULL, '1533139994', '1533139994'),
(1123, 16, 7, 3, 14, 2, NULL, '1533139994', '1533139994'),
(1124, 16, 7, 3, 15, 3, NULL, '1533139994', '1533139994'),
(1125, 16, 7, 3, 16, 47, NULL, '1533139995', '1533139995'),
(1126, 16, 7, 3, 17, 50, NULL, '1533139995', '1533139995'),
(1127, 16, 7, 3, 18, 2, NULL, '1533139995', '1533139995'),
(1128, 16, 7, 3, 19, 3, NULL, '1533139995', '1533139995'),
(1129, 16, 7, 3, 20, 2, NULL, '1533139995', '1533139995'),
(1130, 16, 7, 3, 21, 5, NULL, '1533139995', '1533139995'),
(1131, 16, 7, 3, 22, 2, NULL, '1533139995', '1533139995'),
(1132, 16, 7, 3, 23, 5, NULL, '1533139995', '1533139995'),
(1133, 16, 7, 4, 24, 2, NULL, '1533139995', '1533139995'),
(1134, 16, 7, 4, 25, 3, NULL, '1533139995', '1533139995'),
(1135, 16, 7, 4, 26, 5, NULL, '1533139996', '1533139996'),
(1136, 16, 7, 4, 27, 4, NULL, '1533139996', '1533139996'),
(1137, 16, 7, 4, 28, 2, NULL, '1533139996', '1533139996'),
(1138, 16, 7, 5, 29, 1, NULL, '1533139996', '1533139996'),
(1139, 16, 7, 5, 30, 2, NULL, '1533139996', '1533139996'),
(1140, 16, 7, 5, 31, 5, NULL, '1533139996', '1533139996'),
(1141, 16, 7, 5, 32, 4, NULL, '1533139996', '1533139996'),
(1142, 16, 7, 5, 33, 2, NULL, '1533139996', '1533139996'),
(1143, 16, 7, 6, 34, 45, NULL, '1533139996', '1533139996'),
(1144, 16, 7, 6, 35, 59, NULL, '1533139996', '1533139996'),
(1145, 17, 8, 1, 1, 2, 15, '1533140123', '1533140123'),
(1146, 17, 8, 1, 2, 4, 15, '1533140123', '1533140123'),
(1147, 17, 8, 1, 3, 5, 15, '1533140123', '1533140123'),
(1148, 17, 8, 1, 4, 2, 15, '1533140123', '1533140123'),
(1149, 17, 8, 1, 5, 1, 15, '1533140123', '1533140123'),
(1150, 17, 8, 1, 6, 3, 15, '1533140123', '1533140123'),
(1151, 17, 8, 1, 7, 0, 15, '1533140123', '1533140123'),
(1152, 17, 8, 1, 8, 2, 15, '1533140123', '1533140123'),
(1153, 17, 8, 1, 1, 1, 16, '1533140123', '1533140123'),
(1154, 17, 8, 1, 2, 4, 16, '1533140124', '1533140124'),
(1155, 17, 8, 1, 3, 5, 16, '1533140124', '1533140124'),
(1156, 17, 8, 1, 4, 2, 16, '1533140124', '1533140124'),
(1157, 17, 8, 1, 5, 3, 16, '1533140124', '1533140124'),
(1158, 17, 8, 1, 6, 0, 16, '1533140124', '1533140124'),
(1159, 17, 8, 1, 7, 2, 16, '1533140124', '1533140124'),
(1160, 17, 8, 1, 8, 1, 16, '1533140124', '1533140124'),
(1161, 17, 8, 1, 1, 4, 17, '1533140124', '1533140124'),
(1162, 17, 8, 1, 2, 5, 17, '1533140124', '1533140124'),
(1163, 17, 8, 1, 3, 2, 17, '1533140124', '1533140124'),
(1164, 17, 8, 1, 4, 3, 17, '1533140124', '1533140124'),
(1165, 17, 8, 1, 5, 0, 17, '1533140124', '1533140124'),
(1166, 17, 8, 1, 6, 2, 17, '1533140124', '1533140124'),
(1167, 17, 8, 1, 7, 5, 17, '1533140124', '1533140124'),
(1168, 17, 8, 1, 8, 4, 17, '1533140124', '1533140124'),
(1169, 17, 8, 1, 1, 1, 18, '1533140124', '1533140124'),
(1170, 17, 8, 1, 2, 2, 18, '1533140124', '1533140124'),
(1171, 17, 8, 1, 3, 3, 18, '1533140124', '1533140124'),
(1172, 17, 8, 1, 4, 0, 18, '1533140124', '1533140124'),
(1173, 17, 8, 1, 5, 2, 18, '1533140124', '1533140124'),
(1174, 17, 8, 1, 6, 5, 18, '1533140125', '1533140125'),
(1175, 17, 8, 1, 7, 0, 18, '1533140125', '1533140125'),
(1176, 17, 8, 1, 8, 0, 18, '1533140125', '1533140125'),
(1177, 17, 8, 1, 1, 4, 19, '1533140125', '1533140125'),
(1178, 17, 8, 1, 2, 2, 19, '1533140125', '1533140125'),
(1179, 17, 8, 1, 3, 5, 19, '1533140125', '1533140125'),
(1180, 17, 8, 1, 4, 2, 19, '1533140125', '1533140125'),
(1181, 17, 8, 1, 5, 3, 19, '1533140125', '1533140125'),
(1182, 17, 8, 1, 6, 0, 19, '1533140125', '1533140125'),
(1183, 17, 8, 1, 7, 1, 19, '1533140125', '1533140125'),
(1184, 17, 8, 1, 8, 2, 19, '1533140125', '1533140125'),
(1185, 17, 8, 2, 9, 4, NULL, '1533140125', '1533140125'),
(1186, 17, 8, 2, 10, 2, NULL, '1533140125', '1533140125'),
(1187, 17, 8, 2, 11, 3, NULL, '1533140126', '1533140126'),
(1188, 17, 8, 2, 12, 5, NULL, '1533140126', '1533140126'),
(1189, 17, 8, 2, 13, 2, NULL, '1533140126', '1533140126'),
(1190, 17, 8, 3, 14, 2, NULL, '1533140126', '1533140126'),
(1191, 17, 8, 3, 15, 3, NULL, '1533140126', '1533140126'),
(1192, 17, 8, 3, 16, 47, NULL, '1533140126', '1533140126'),
(1193, 17, 8, 3, 17, 50, NULL, '1533140126', '1533140126'),
(1194, 17, 8, 3, 18, 3, NULL, '1533140126', '1533140126'),
(1195, 17, 8, 3, 19, 2, NULL, '1533140126', '1533140126'),
(1196, 17, 8, 3, 20, 1, NULL, '1533140126', '1533140126'),
(1197, 17, 8, 3, 21, 4, NULL, '1533140126', '1533140126'),
(1198, 17, 8, 3, 22, 5, NULL, '1533140126', '1533140126'),
(1199, 17, 8, 3, 23, 2, NULL, '1533140126', '1533140126'),
(1200, 17, 8, 4, 24, 1, NULL, '1533140126', '1533140126'),
(1201, 17, 8, 4, 25, 2, NULL, '1533140126', '1533140126'),
(1202, 17, 8, 4, 26, 3, NULL, '1533140126', '1533140126'),
(1203, 17, 8, 4, 27, 5, NULL, '1533140126', '1533140126'),
(1204, 17, 8, 4, 28, 4, NULL, '1533140127', '1533140127'),
(1205, 17, 8, 5, 29, 4, NULL, '1533140127', '1533140127'),
(1206, 17, 8, 5, 30, 2, NULL, '1533140127', '1533140127'),
(1207, 17, 8, 5, 31, 5, NULL, '1533140127', '1533140127'),
(1208, 17, 8, 5, 32, 1, NULL, '1533140127', '1533140127'),
(1209, 17, 8, 5, 33, 2, NULL, '1533140127', '1533140127'),
(1210, 17, 8, 6, 34, 45, NULL, '1533140127', '1533140127'),
(1211, 17, 8, 6, 35, 59, NULL, '1533140127', '1533140127'),
(1212, 18, 9, 1, 1, 3, 15, '1533140272', '1533140272'),
(1213, 18, 9, 1, 2, 2, 15, '1533140272', '1533140272'),
(1214, 18, 9, 1, 3, 1, 15, '1533140272', '1533140272'),
(1215, 18, 9, 1, 4, 4, 15, '1533140272', '1533140272'),
(1216, 18, 9, 1, 5, 5, 15, '1533140273', '1533140273'),
(1217, 18, 9, 1, 6, 2, 15, '1533140273', '1533140273'),
(1218, 18, 9, 1, 7, 3, 15, '1533140273', '1533140273'),
(1219, 18, 9, 1, 8, 0, 15, '1533140273', '1533140273'),
(1220, 18, 9, 1, 1, 5, 16, '1533140273', '1533140273'),
(1221, 18, 9, 1, 2, 1, 16, '1533140273', '1533140273'),
(1222, 18, 9, 1, 3, 3, 16, '1533140273', '1533140273'),
(1223, 18, 9, 1, 4, 2, 16, '1533140273', '1533140273'),
(1224, 18, 9, 1, 5, 5, 16, '1533140273', '1533140273'),
(1225, 18, 9, 1, 6, 4, 16, '1533140273', '1533140273'),
(1226, 18, 9, 1, 7, 2, 16, '1533140273', '1533140273'),
(1227, 18, 9, 1, 8, 3, 16, '1533140273', '1533140273'),
(1228, 18, 9, 1, 1, 1, 18, '1533140273', '1533140273'),
(1229, 18, 9, 1, 2, 2, 18, '1533140273', '1533140273'),
(1230, 18, 9, 1, 3, 4, 18, '1533140273', '1533140273'),
(1231, 18, 9, 1, 4, 5, 18, '1533140273', '1533140273'),
(1232, 18, 9, 1, 5, 2, 18, '1533140273', '1533140273'),
(1233, 18, 9, 1, 6, 3, 18, '1533140273', '1533140273'),
(1234, 18, 9, 1, 7, 0, 18, '1533140273', '1533140273'),
(1235, 18, 9, 1, 8, 2, 18, '1533140274', '1533140274'),
(1236, 18, 9, 1, 1, 3, 19, '1533140274', '1533140274'),
(1237, 18, 9, 1, 2, 1, 19, '1533140274', '1533140274'),
(1238, 18, 9, 1, 3, 4, 19, '1533140274', '1533140274'),
(1239, 18, 9, 1, 4, 5, 19, '1533140274', '1533140274'),
(1240, 18, 9, 1, 5, 5, 19, '1533140274', '1533140274'),
(1241, 18, 9, 1, 6, 3, 19, '1533140274', '1533140274'),
(1242, 18, 9, 1, 7, 0, 19, '1533140274', '1533140274'),
(1243, 18, 9, 1, 8, 2, 19, '1533140274', '1533140274'),
(1244, 18, 9, 2, 9, 2, NULL, '1533140274', '1533140274'),
(1245, 18, 9, 2, 10, 1, NULL, '1533140274', '1533140274'),
(1246, 18, 9, 2, 11, 4, NULL, '1533140274', '1533140274'),
(1247, 18, 9, 2, 12, 5, NULL, '1533140274', '1533140274'),
(1248, 18, 9, 2, 13, 2, NULL, '1533140274', '1533140274'),
(1249, 18, 9, 3, 14, 2, NULL, '1533140274', '1533140274'),
(1250, 18, 9, 3, 15, 3, NULL, '1533140274', '1533140274'),
(1251, 18, 9, 3, 16, 48, NULL, '1533140274', '1533140274'),
(1252, 18, 9, 3, 17, 52, NULL, '1533140274', '1533140274'),
(1253, 18, 9, 3, 18, 1, NULL, '1533140274', '1533140274'),
(1254, 18, 9, 3, 19, 2, NULL, '1533140275', '1533140275'),
(1255, 18, 9, 3, 20, 4, NULL, '1533140275', '1533140275'),
(1256, 18, 9, 3, 21, 5, NULL, '1533140275', '1533140275'),
(1257, 18, 9, 3, 22, 2, NULL, '1533140275', '1533140275'),
(1258, 18, 9, 3, 23, 3, NULL, '1533140275', '1533140275'),
(1259, 18, 9, 4, 24, 2, NULL, '1533140275', '1533140275'),
(1260, 18, 9, 4, 25, 3, NULL, '1533140275', '1533140275'),
(1261, 18, 9, 4, 26, 5, NULL, '1533140275', '1533140275'),
(1262, 18, 9, 4, 27, 4, NULL, '1533140275', '1533140275'),
(1263, 18, 9, 4, 28, 1, NULL, '1533140275', '1533140275'),
(1264, 18, 9, 5, 29, 1, NULL, '1533140275', '1533140275'),
(1265, 18, 9, 5, 30, 2, NULL, '1533140275', '1533140275'),
(1266, 18, 9, 5, 31, 3, NULL, '1533140275', '1533140275'),
(1267, 18, 9, 5, 32, 4, NULL, '1533140275', '1533140275'),
(1268, 18, 9, 5, 33, 5, NULL, '1533140275', '1533140275'),
(1269, 18, 9, 6, 34, 45, NULL, '1533140275', '1533140275'),
(1270, 18, 9, 6, 35, 59, NULL, '1533140275', '1533140275'),
(1271, 19, 10, 1, 1, 2, 20, '1533140496', '1533140496'),
(1272, 19, 10, 1, 2, 3, 20, '1533140496', '1533140496'),
(1273, 19, 10, 1, 3, 2, 20, '1533140497', '1533140497'),
(1274, 19, 10, 1, 4, 1, 20, '1533140497', '1533140497'),
(1275, 19, 10, 1, 5, 4, 20, '1533140497', '1533140497'),
(1276, 19, 10, 1, 6, 5, 20, '1533140497', '1533140497'),
(1277, 19, 10, 1, 7, 2, 20, '1533140497', '1533140497'),
(1278, 19, 10, 1, 8, 0, 20, '1533140497', '1533140497'),
(1279, 19, 10, 1, 1, 3, 21, '1533140497', '1533140497'),
(1280, 19, 10, 1, 2, 2, 21, '1533140497', '1533140497'),
(1281, 19, 10, 1, 3, 1, 21, '1533140497', '1533140497'),
(1282, 19, 10, 1, 4, 4, 21, '1533140497', '1533140497'),
(1283, 19, 10, 1, 5, 5, 21, '1533140497', '1533140497'),
(1284, 19, 10, 1, 6, 3, 21, '1533140497', '1533140497'),
(1285, 19, 10, 1, 7, 2, 21, '1533140497', '1533140497'),
(1286, 19, 10, 1, 8, 0, 21, '1533140497', '1533140497'),
(1287, 19, 10, 1, 1, 2, 22, '1533140497', '1533140497'),
(1288, 19, 10, 1, 2, 1, 22, '1533140497', '1533140497'),
(1289, 19, 10, 1, 3, 4, 22, '1533140497', '1533140497'),
(1290, 19, 10, 1, 4, 5, 22, '1533140497', '1533140497'),
(1291, 19, 10, 1, 5, 2, 22, '1533140497', '1533140497'),
(1292, 19, 10, 1, 6, 1, 22, '1533140497', '1533140497'),
(1293, 19, 10, 1, 7, 0, 22, '1533140497', '1533140497'),
(1294, 19, 10, 1, 8, 2, 22, '1533140497', '1533140497'),
(1295, 19, 10, 1, 1, 3, 25, '1533140497', '1533140497'),
(1296, 19, 10, 1, 2, 2, 25, '1533140497', '1533140497'),
(1297, 19, 10, 1, 3, 2, 25, '1533140498', '1533140498'),
(1298, 19, 10, 1, 4, 5, 25, '1533140498', '1533140498'),
(1299, 19, 10, 1, 5, 4, 25, '1533140498', '1533140498'),
(1300, 19, 10, 1, 6, 2, 25, '1533140498', '1533140498'),
(1301, 19, 10, 1, 7, 3, 25, '1533140498', '1533140498'),
(1302, 19, 10, 1, 8, 2, 25, '1533140498', '1533140498'),
(1303, 19, 10, 2, 9, 2, NULL, '1533140498', '1533140498'),
(1304, 19, 10, 2, 10, 3, NULL, '1533140498', '1533140498'),
(1305, 19, 10, 2, 11, 4, NULL, '1533140498', '1533140498'),
(1306, 19, 10, 2, 12, 5, NULL, '1533140498', '1533140498'),
(1307, 19, 10, 2, 13, 2, NULL, '1533140498', '1533140498'),
(1308, 19, 10, 3, 14, 1, NULL, '1533140498', '1533140498'),
(1309, 19, 10, 3, 15, 2, NULL, '1533140498', '1533140498'),
(1310, 19, 10, 3, 16, 47, NULL, '1533140498', '1533140498'),
(1311, 19, 10, 3, 17, 50, NULL, '1533140498', '1533140498'),
(1312, 19, 10, 3, 18, 3, NULL, '1533140498', '1533140498'),
(1313, 19, 10, 3, 19, 2, NULL, '1533140499', '1533140499'),
(1314, 19, 10, 3, 20, 1, NULL, '1533140499', '1533140499'),
(1315, 19, 10, 3, 21, 4, NULL, '1533140499', '1533140499'),
(1316, 19, 10, 3, 22, 5, NULL, '1533140499', '1533140499'),
(1317, 19, 10, 3, 23, 3, NULL, '1533140499', '1533140499'),
(1318, 19, 10, 4, 24, 1, NULL, '1533140499', '1533140499'),
(1319, 19, 10, 4, 25, 2, NULL, '1533140499', '1533140499'),
(1320, 19, 10, 4, 26, 3, NULL, '1533140499', '1533140499'),
(1321, 19, 10, 4, 27, 2, NULL, '1533140499', '1533140499'),
(1322, 19, 10, 4, 28, 5, NULL, '1533140499', '1533140499'),
(1323, 19, 10, 5, 29, 1, NULL, '1533140499', '1533140499'),
(1324, 19, 10, 5, 30, 2, NULL, '1533140499', '1533140499'),
(1325, 19, 10, 5, 31, 5, NULL, '1533140499', '1533140499'),
(1326, 19, 10, 5, 32, 4, NULL, '1533140499', '1533140499'),
(1327, 19, 10, 5, 33, 3, NULL, '1533140499', '1533140499'),
(1328, 19, 10, 6, 34, 46, NULL, '1533140499', '1533140499'),
(1329, 19, 10, 6, 35, 60, NULL, '1533140499', '1533140499'),
(1330, 20, 10, 1, 1, 4, 20, '1533140721', '1533140721'),
(1331, 20, 10, 1, 2, 5, 20, '1533140721', '1533140721'),
(1332, 20, 10, 1, 3, 2, 20, '1533140721', '1533140721'),
(1333, 20, 10, 1, 4, 1, 20, '1533140721', '1533140721'),
(1334, 20, 10, 1, 5, 5, 20, '1533140721', '1533140721'),
(1335, 20, 10, 1, 6, 3, 20, '1533140721', '1533140721'),
(1336, 20, 10, 1, 7, 2, 20, '1533140721', '1533140721'),
(1337, 20, 10, 1, 8, 1, 20, '1533140721', '1533140721'),
(1338, 20, 10, 1, 1, 4, 21, '1533140721', '1533140721'),
(1339, 20, 10, 1, 2, 5, 21, '1533140721', '1533140721'),
(1340, 20, 10, 1, 3, 2, 21, '1533140721', '1533140721'),
(1341, 20, 10, 1, 4, 2, 21, '1533140721', '1533140721'),
(1342, 20, 10, 1, 5, 3, 21, '1533140721', '1533140721'),
(1343, 20, 10, 1, 6, 2, 21, '1533140721', '1533140721'),
(1344, 20, 10, 1, 7, 0, 21, '1533140721', '1533140721'),
(1345, 20, 10, 1, 8, 2, 21, '1533140721', '1533140721'),
(1346, 20, 10, 1, 1, 1, 22, '1533140721', '1533140721'),
(1347, 20, 10, 1, 2, 4, 22, '1533140722', '1533140722'),
(1348, 20, 10, 1, 3, 5, 22, '1533140722', '1533140722'),
(1349, 20, 10, 1, 4, 2, 22, '1533140722', '1533140722'),
(1350, 20, 10, 1, 5, 3, 22, '1533140722', '1533140722'),
(1351, 20, 10, 1, 6, 0, 22, '1533140722', '1533140722'),
(1352, 20, 10, 1, 7, 2, 22, '1533140722', '1533140722'),
(1353, 20, 10, 1, 8, 1, 22, '1533140722', '1533140722'),
(1354, 20, 10, 1, 1, 4, 25, '1533140722', '1533140722'),
(1355, 20, 10, 1, 2, 5, 25, '1533140722', '1533140722'),
(1356, 20, 10, 1, 3, 2, 25, '1533140722', '1533140722'),
(1357, 20, 10, 1, 4, 3, 25, '1533140722', '1533140722'),
(1358, 20, 10, 1, 5, 0, 25, '1533140722', '1533140722'),
(1359, 20, 10, 1, 6, 2, 25, '1533140722', '1533140722'),
(1360, 20, 10, 1, 7, 5, 25, '1533140722', '1533140722'),
(1361, 20, 10, 1, 8, 4, 25, '1533140722', '1533140722'),
(1362, 20, 10, 2, 9, 1, NULL, '1533140722', '1533140722'),
(1363, 20, 10, 2, 10, 2, NULL, '1533140722', '1533140722'),
(1364, 20, 10, 2, 11, 3, NULL, '1533140722', '1533140722'),
(1365, 20, 10, 2, 12, 5, NULL, '1533140722', '1533140722'),
(1366, 20, 10, 2, 13, 4, NULL, '1533140722', '1533140722'),
(1367, 20, 10, 3, 14, 0, NULL, '1533140722', '1533140722'),
(1368, 20, 10, 3, 15, 2, NULL, '1533140722', '1533140722'),
(1369, 20, 10, 3, 16, 48, NULL, '1533140722', '1533140722'),
(1370, 20, 10, 3, 17, 52, NULL, '1533140722', '1533140722'),
(1371, 20, 10, 3, 18, 4, NULL, '1533140723', '1533140723'),
(1372, 20, 10, 3, 19, 2, NULL, '1533140723', '1533140723'),
(1373, 20, 10, 3, 20, 5, NULL, '1533140723', '1533140723'),
(1374, 20, 10, 3, 21, 1, NULL, '1533140723', '1533140723'),
(1375, 20, 10, 3, 22, 3, NULL, '1533140723', '1533140723'),
(1376, 20, 10, 3, 23, 2, NULL, '1533140723', '1533140723'),
(1377, 20, 10, 4, 24, 2, NULL, '1533140723', '1533140723'),
(1378, 20, 10, 4, 25, 4, NULL, '1533140723', '1533140723'),
(1379, 20, 10, 4, 26, 5, NULL, '1533140723', '1533140723'),
(1380, 20, 10, 4, 27, 2, NULL, '1533140723', '1533140723'),
(1381, 20, 10, 4, 28, 3, NULL, '1533140723', '1533140723'),
(1382, 20, 10, 5, 29, 1, NULL, '1533140723', '1533140723'),
(1383, 20, 10, 5, 30, 2, NULL, '1533140723', '1533140723'),
(1384, 20, 10, 5, 31, 4, NULL, '1533140723', '1533140723'),
(1385, 20, 10, 5, 32, 5, NULL, '1533140723', '1533140723'),
(1386, 20, 10, 5, 33, 3, NULL, '1533140723', '1533140723'),
(1387, 20, 10, 6, 34, 46, NULL, '1533140723', '1533140723'),
(1388, 20, 10, 6, 35, 60, NULL, '1533140723', '1533140723'),
(1389, 21, 11, 1, 1, 5, 20, '1533206746', '1533206746'),
(1390, 21, 11, 1, 2, 4, 20, '1533206746', '1533206746'),
(1391, 21, 11, 1, 3, 2, 20, '1533206746', '1533206746'),
(1392, 21, 11, 1, 4, 3, 20, '1533206746', '1533206746'),
(1393, 21, 11, 1, 5, 2, 20, '1533206746', '1533206746'),
(1394, 21, 11, 1, 6, 0, 20, '1533206746', '1533206746'),
(1395, 21, 11, 1, 7, 1, 20, '1533206746', '1533206746'),
(1396, 21, 11, 1, 8, 4, 20, '1533206746', '1533206746'),
(1397, 21, 11, 1, 1, 5, 21, '1533206746', '1533206746'),
(1398, 21, 11, 1, 2, 2, 21, '1533206746', '1533206746'),
(1399, 21, 11, 1, 3, 3, 21, '1533206746', '1533206746'),
(1400, 21, 11, 1, 4, 0, 21, '1533206746', '1533206746'),
(1401, 21, 11, 1, 5, 2, 21, '1533206746', '1533206746'),
(1402, 21, 11, 1, 6, 1, 21, '1533206746', '1533206746'),
(1403, 21, 11, 1, 7, 4, 21, '1533206746', '1533206746'),
(1404, 21, 11, 1, 8, 5, 21, '1533206746', '1533206746'),
(1405, 21, 11, 1, 1, 3, 22, '1533206746', '1533206746'),
(1406, 21, 11, 1, 2, 0, 22, '1533206746', '1533206746'),
(1407, 21, 11, 1, 3, 2, 22, '1533206747', '1533206747'),
(1408, 21, 11, 1, 4, 1, 22, '1533206747', '1533206747'),
(1409, 21, 11, 1, 5, 4, 22, '1533206747', '1533206747'),
(1410, 21, 11, 1, 6, 5, 22, '1533206747', '1533206747'),
(1411, 21, 11, 1, 7, 2, 22, '1533206747', '1533206747'),
(1412, 21, 11, 1, 8, 3, 22, '1533206747', '1533206747'),
(1413, 21, 11, 1, 1, 0, 23, '1533206747', '1533206747'),
(1414, 21, 11, 1, 2, 2, 23, '1533206747', '1533206747'),
(1415, 21, 11, 1, 3, 5, 23, '1533206747', '1533206747'),
(1416, 21, 11, 1, 4, 4, 23, '1533206747', '1533206747'),
(1417, 21, 11, 1, 5, 1, 23, '1533206747', '1533206747'),
(1418, 21, 11, 1, 6, 2, 23, '1533206747', '1533206747'),
(1419, 21, 11, 1, 7, 3, 23, '1533206747', '1533206747'),
(1420, 21, 11, 1, 8, 0, 23, '1533206747', '1533206747'),
(1421, 21, 11, 1, 1, 2, 24, '1533206747', '1533206747'),
(1422, 21, 11, 1, 2, 5, 24, '1533206747', '1533206747'),
(1423, 21, 11, 1, 3, 4, 24, '1533206747', '1533206747'),
(1424, 21, 11, 1, 4, 2, 24, '1533206747', '1533206747'),
(1425, 21, 11, 1, 5, 3, 24, '1533206747', '1533206747'),
(1426, 21, 11, 1, 6, 0, 24, '1533206748', '1533206748'),
(1427, 21, 11, 1, 7, 2, 24, '1533206748', '1533206748'),
(1428, 21, 11, 1, 8, 5, 24, '1533206748', '1533206748'),
(1429, 21, 11, 1, 1, 1, 25, '1533206748', '1533206748'),
(1430, 21, 11, 1, 2, 4, 25, '1533206748', '1533206748'),
(1431, 21, 11, 1, 3, 2, 25, '1533206748', '1533206748'),
(1432, 21, 11, 1, 4, 3, 25, '1533206748', '1533206748'),
(1433, 21, 11, 1, 5, 0, 25, '1533206748', '1533206748'),
(1434, 21, 11, 1, 6, 2, 25, '1533206748', '1533206748'),
(1435, 21, 11, 1, 7, 5, 25, '1533206748', '1533206748'),
(1436, 21, 11, 1, 8, 4, 25, '1533206748', '1533206748'),
(1437, 21, 11, 1, 1, 1, 26, '1533206748', '1533206748'),
(1438, 21, 11, 1, 2, 2, 26, '1533206748', '1533206748'),
(1439, 21, 11, 1, 3, 0, 26, '1533206748', '1533206748'),
(1440, 21, 11, 1, 4, 3, 26, '1533206748', '1533206748'),
(1441, 21, 11, 1, 5, 2, 26, '1533206748', '1533206748'),
(1442, 21, 11, 1, 6, 5, 26, '1533206748', '1533206748'),
(1443, 21, 11, 1, 7, 2, 26, '1533206748', '1533206748'),
(1444, 21, 11, 1, 8, 3, 26, '1533206748', '1533206748'),
(1445, 21, 11, 2, 9, 1, NULL, '1533206748', '1533206748'),
(1446, 21, 11, 2, 10, 2, NULL, '1533206748', '1533206748'),
(1447, 21, 11, 2, 11, 3, NULL, '1533206748', '1533206748'),
(1448, 21, 11, 2, 12, 5, NULL, '1533206748', '1533206748'),
(1449, 21, 11, 2, 13, 2, NULL, '1533206749', '1533206749'),
(1450, 21, 11, 3, 14, 4, NULL, '1533206749', '1533206749'),
(1451, 21, 11, 3, 15, 2, NULL, '1533206749', '1533206749'),
(1452, 21, 11, 3, 16, 48, NULL, '1533206749', '1533206749'),
(1453, 21, 11, 3, 17, 52, NULL, '1533206749', '1533206749'),
(1454, 21, 11, 3, 18, 4, NULL, '1533206749', '1533206749'),
(1455, 21, 11, 3, 19, 5, NULL, '1533206749', '1533206749'),
(1456, 21, 11, 3, 20, 2, NULL, '1533206749', '1533206749'),
(1457, 21, 11, 3, 21, 1, NULL, '1533206749', '1533206749'),
(1458, 21, 11, 3, 22, 4, NULL, '1533206749', '1533206749'),
(1459, 21, 11, 3, 23, 3, NULL, '1533206749', '1533206749'),
(1460, 21, 11, 4, 24, 1, NULL, '1533206749', '1533206749'),
(1461, 21, 11, 4, 25, 2, NULL, '1533206749', '1533206749'),
(1462, 21, 11, 4, 26, 4, NULL, '1533206749', '1533206749'),
(1463, 21, 11, 4, 27, 5, NULL, '1533206749', '1533206749'),
(1464, 21, 11, 4, 28, 3, NULL, '1533206749', '1533206749'),
(1465, 21, 11, 5, 29, 3, NULL, '1533206749', '1533206749'),
(1466, 21, 11, 5, 30, 1, NULL, '1533206749', '1533206749'),
(1467, 21, 11, 5, 31, 4, NULL, '1533206749', '1533206749'),
(1468, 21, 11, 5, 32, 5, NULL, '1533206750', '1533206750'),
(1469, 21, 11, 5, 33, 2, NULL, '1533206750', '1533206750'),
(1470, 21, 11, 6, 34, 46, NULL, '1533206750', '1533206750'),
(1471, 21, 11, 6, 35, 60, NULL, '1533206750', '1533206750'),
(1472, 22, 11, 1, 1, 5, 20, '1533206890', '1533206890'),
(1473, 22, 11, 1, 2, 4, 20, '1533206890', '1533206890'),
(1474, 22, 11, 1, 3, 2, 20, '1533206890', '1533206890'),
(1475, 22, 11, 1, 4, 3, 20, '1533206890', '1533206890'),
(1476, 22, 11, 1, 5, 1, 20, '1533206890', '1533206890'),
(1477, 22, 11, 1, 6, 4, 20, '1533206890', '1533206890'),
(1478, 22, 11, 1, 7, 5, 20, '1533206890', '1533206890'),
(1479, 22, 11, 1, 8, 2, 20, '1533206891', '1533206891'),
(1480, 22, 11, 1, 1, 3, 21, '1533206891', '1533206891'),
(1481, 22, 11, 1, 2, 2, 21, '1533206891', '1533206891'),
(1482, 22, 11, 1, 3, 5, 21, '1533206891', '1533206891'),
(1483, 22, 11, 1, 4, 4, 21, '1533206891', '1533206891'),
(1484, 22, 11, 1, 5, 1, 21, '1533206891', '1533206891'),
(1485, 22, 11, 1, 6, 2, 21, '1533206891', '1533206891'),
(1486, 22, 11, 1, 7, 3, 21, '1533206891', '1533206891'),
(1487, 22, 11, 1, 8, 2, 21, '1533206891', '1533206891'),
(1488, 22, 11, 1, 1, 5, 22, '1533206891', '1533206891'),
(1489, 22, 11, 1, 2, 4, 22, '1533206891', '1533206891'),
(1490, 22, 11, 1, 3, 1, 22, '1533206891', '1533206891'),
(1491, 22, 11, 1, 4, 2, 22, '1533206891', '1533206891'),
(1492, 22, 11, 1, 5, 3, 22, '1533206891', '1533206891'),
(1493, 22, 11, 1, 6, 5, 22, '1533206891', '1533206891'),
(1494, 22, 11, 1, 7, 4, 22, '1533206891', '1533206891'),
(1495, 22, 11, 1, 8, 1, 22, '1533206891', '1533206891'),
(1496, 22, 11, 1, 1, 2, 23, '1533206891', '1533206891'),
(1497, 22, 11, 1, 2, 3, 23, '1533206891', '1533206891'),
(1498, 22, 11, 1, 3, 2, 23, '1533206891', '1533206891'),
(1499, 22, 11, 1, 4, 5, 23, '1533206891', '1533206891'),
(1500, 22, 11, 1, 5, 4, 23, '1533206891', '1533206891'),
(1501, 22, 11, 1, 6, 1, 23, '1533206891', '1533206891'),
(1502, 22, 11, 1, 7, 2, 23, '1533206892', '1533206892'),
(1503, 22, 11, 1, 8, 3, 23, '1533206892', '1533206892'),
(1504, 22, 11, 1, 1, 0, 24, '1533206892', '1533206892'),
(1505, 22, 11, 1, 2, 2, 24, '1533206892', '1533206892'),
(1506, 22, 11, 1, 3, 1, 24, '1533206892', '1533206892'),
(1507, 22, 11, 1, 4, 4, 24, '1533206892', '1533206892'),
(1508, 22, 11, 1, 5, 5, 24, '1533206892', '1533206892'),
(1509, 22, 11, 1, 6, 3, 24, '1533206892', '1533206892'),
(1510, 22, 11, 1, 7, 0, 24, '1533206892', '1533206892'),
(1511, 22, 11, 1, 8, 2, 24, '1533206892', '1533206892'),
(1512, 22, 11, 1, 1, 1, 25, '1533206892', '1533206892'),
(1513, 22, 11, 1, 2, 4, 25, '1533206892', '1533206892'),
(1514, 22, 11, 1, 3, 5, 25, '1533206892', '1533206892'),
(1515, 22, 11, 1, 4, 2, 25, '1533206892', '1533206892'),
(1516, 22, 11, 1, 5, 1, 25, '1533206892', '1533206892'),
(1517, 22, 11, 1, 6, 3, 25, '1533206892', '1533206892'),
(1518, 22, 11, 1, 7, 0, 25, '1533206892', '1533206892'),
(1519, 22, 11, 1, 8, 2, 25, '1533206892', '1533206892'),
(1520, 22, 11, 1, 1, 1, 26, '1533206892', '1533206892'),
(1521, 22, 11, 1, 2, 4, 26, '1533206892', '1533206892'),
(1522, 22, 11, 1, 3, 5, 26, '1533206892', '1533206892'),
(1523, 22, 11, 1, 4, 3, 26, '1533206892', '1533206892'),
(1524, 22, 11, 1, 5, 0, 26, '1533206892', '1533206892'),
(1525, 22, 11, 1, 6, 2, 26, '1533206892', '1533206892'),
(1526, 22, 11, 1, 7, 1, 26, '1533206892', '1533206892'),
(1527, 22, 11, 1, 8, 4, 26, '1533206893', '1533206893'),
(1528, 22, 11, 2, 9, 1, NULL, '1533206893', '1533206893'),
(1529, 22, 11, 2, 10, 2, NULL, '1533206893', '1533206893'),
(1530, 22, 11, 2, 11, 3, NULL, '1533206893', '1533206893'),
(1531, 22, 11, 2, 12, 0, NULL, '1533206893', '1533206893'),
(1532, 22, 11, 2, 13, 2, NULL, '1533206893', '1533206893'),
(1533, 22, 11, 3, 14, 4, NULL, '1533206893', '1533206893'),
(1534, 22, 11, 3, 15, 5, NULL, '1533206893', '1533206893'),
(1535, 22, 11, 3, 16, 49, NULL, '1533206893', '1533206893'),
(1536, 22, 11, 3, 17, 52, NULL, '1533206893', '1533206893'),
(1537, 22, 11, 3, 18, 2, NULL, '1533206893', '1533206893'),
(1538, 22, 11, 3, 19, 3, NULL, '1533206893', '1533206893'),
(1539, 22, 11, 3, 20, 2, NULL, '1533206894', '1533206894'),
(1540, 22, 11, 3, 21, 1, NULL, '1533206894', '1533206894'),
(1541, 22, 11, 3, 22, 4, NULL, '1533206894', '1533206894'),
(1542, 22, 11, 3, 23, 5, NULL, '1533206894', '1533206894'),
(1543, 22, 11, 4, 24, 4, NULL, '1533206894', '1533206894'),
(1544, 22, 11, 4, 25, 2, NULL, '1533206894', '1533206894'),
(1545, 22, 11, 4, 26, 5, NULL, '1533206894', '1533206894'),
(1546, 22, 11, 4, 27, 1, NULL, '1533206894', '1533206894'),
(1547, 22, 11, 4, 28, 2, NULL, '1533206894', '1533206894'),
(1548, 22, 11, 5, 29, 1, NULL, '1533206894', '1533206894'),
(1549, 22, 11, 5, 30, 2, NULL, '1533206894', '1533206894'),
(1550, 22, 11, 5, 31, 5, NULL, '1533206894', '1533206894'),
(1551, 22, 11, 5, 32, 4, NULL, '1533206894', '1533206894'),
(1552, 22, 11, 5, 33, 1, NULL, '1533206895', '1533206895'),
(1553, 22, 11, 6, 34, 46, NULL, '1533206895', '1533206895'),
(1554, 22, 11, 6, 35, 60, NULL, '1533206895', '1533206895'),
(1555, 23, 12, 1, 1, 5, 23, '1533207036', '1533207036'),
(1556, 23, 12, 1, 2, 2, 23, '1533207036', '1533207036'),
(1557, 23, 12, 1, 3, 1, 23, '1533207036', '1533207036'),
(1558, 23, 12, 1, 4, 4, 23, '1533207036', '1533207036'),
(1559, 23, 12, 1, 5, 2, 23, '1533207036', '1533207036'),
(1560, 23, 12, 1, 6, 3, 23, '1533207036', '1533207036'),
(1561, 23, 12, 1, 7, 0, 23, '1533207036', '1533207036'),
(1562, 23, 12, 1, 8, 2, 23, '1533207036', '1533207036'),
(1563, 23, 12, 1, 1, 1, 24, '1533207036', '1533207036'),
(1564, 23, 12, 1, 2, 4, 24, '1533207036', '1533207036'),
(1565, 23, 12, 1, 3, 2, 24, '1533207036', '1533207036'),
(1566, 23, 12, 1, 4, 3, 24, '1533207036', '1533207036'),
(1567, 23, 12, 1, 5, 0, 24, '1533207036', '1533207036'),
(1568, 23, 12, 1, 6, 2, 24, '1533207036', '1533207036'),
(1569, 23, 12, 1, 7, 5, 24, '1533207037', '1533207037'),
(1570, 23, 12, 1, 8, 4, 24, '1533207037', '1533207037'),
(1571, 23, 12, 1, 1, 1, 25, '1533207037', '1533207037'),
(1572, 23, 12, 1, 2, 2, 25, '1533207037', '1533207037'),
(1573, 23, 12, 1, 3, 0, 25, '1533207037', '1533207037'),
(1574, 23, 12, 1, 4, 3, 25, '1533207037', '1533207037'),
(1575, 23, 12, 1, 5, 2, 25, '1533207037', '1533207037'),
(1576, 23, 12, 1, 6, 5, 25, '1533207037', '1533207037'),
(1577, 23, 12, 1, 7, 2, 25, '1533207037', '1533207037'),
(1578, 23, 12, 1, 8, 2, 25, '1533207037', '1533207037'),
(1579, 23, 12, 1, 1, 3, 26, '1533207037', '1533207037'),
(1580, 23, 12, 1, 2, 0, 26, '1533207037', '1533207037'),
(1581, 23, 12, 1, 3, 2, 26, '1533207037', '1533207037'),
(1582, 23, 12, 1, 4, 5, 26, '1533207037', '1533207037'),
(1583, 23, 12, 1, 5, 1, 26, '1533207037', '1533207037'),
(1584, 23, 12, 1, 6, 2, 26, '1533207037', '1533207037'),
(1585, 23, 12, 1, 7, 3, 26, '1533207037', '1533207037'),
(1586, 23, 12, 1, 8, 0, 26, '1533207037', '1533207037'),
(1587, 23, 12, 2, 9, 2, NULL, '1533207037', '1533207037'),
(1588, 23, 12, 2, 10, 0, NULL, '1533207037', '1533207037'),
(1589, 23, 12, 2, 11, 3, NULL, '1533207037', '1533207037'),
(1590, 23, 12, 2, 12, 0, NULL, '1533207038', '1533207038'),
(1591, 23, 12, 2, 13, 2, NULL, '1533207038', '1533207038'),
(1592, 23, 12, 3, 14, 2, NULL, '1533207038', '1533207038'),
(1593, 23, 12, 3, 15, 0, NULL, '1533207038', '1533207038'),
(1594, 23, 12, 3, 16, 48, NULL, '1533207038', '1533207038'),
(1595, 23, 12, 3, 17, 52, NULL, '1533207038', '1533207038'),
(1596, 23, 12, 3, 18, 4, NULL, '1533207038', '1533207038'),
(1597, 23, 12, 3, 19, 4, NULL, '1533207038', '1533207038'),
(1598, 23, 12, 3, 20, 2, NULL, '1533207038', '1533207038'),
(1599, 23, 12, 3, 21, 2, NULL, '1533207038', '1533207038'),
(1600, 23, 12, 3, 22, 0, NULL, '1533207038', '1533207038'),
(1601, 23, 12, 3, 23, 3, NULL, '1533207038', '1533207038'),
(1602, 23, 12, 4, 24, 2, NULL, '1533207038', '1533207038'),
(1603, 23, 12, 4, 25, 2, NULL, '1533207038', '1533207038'),
(1604, 23, 12, 4, 26, 3, NULL, '1533207038', '1533207038'),
(1605, 23, 12, 4, 27, 0, NULL, '1533207038', '1533207038'),
(1606, 23, 12, 4, 28, 5, NULL, '1533207038', '1533207038'),
(1607, 23, 12, 5, 29, 4, NULL, '1533207039', '1533207039'),
(1608, 23, 12, 5, 30, 2, NULL, '1533207039', '1533207039'),
(1609, 23, 12, 5, 31, 0, NULL, '1533207039', '1533207039'),
(1610, 23, 12, 5, 32, 0, NULL, '1533207039', '1533207039'),
(1611, 23, 12, 5, 33, 2, NULL, '1533207039', '1533207039'),
(1612, 23, 12, 6, 34, 46, NULL, '1533207039', '1533207039'),
(1613, 23, 12, 6, 35, 61, NULL, '1533207039', '1533207039'),
(1614, 24, 12, 1, 1, 2, 23, '1533207285', '1533207285'),
(1615, 24, 12, 1, 2, 0, 23, '1533207285', '1533207285'),
(1616, 24, 12, 1, 3, 3, 23, '1533207285', '1533207285'),
(1617, 24, 12, 1, 4, 2, 23, '1533207285', '1533207285'),
(1618, 24, 12, 1, 5, 0, 23, '1533207285', '1533207285'),
(1619, 24, 12, 1, 6, 1, 23, '1533207285', '1533207285'),
(1620, 24, 12, 1, 7, 4, 23, '1533207285', '1533207285'),
(1621, 24, 12, 1, 8, 5, 23, '1533207285', '1533207285'),
(1622, 24, 12, 1, 1, 3, 24, '1533207286', '1533207286'),
(1623, 24, 12, 1, 2, 0, 24, '1533207286', '1533207286'),
(1624, 24, 12, 1, 3, 2, 24, '1533207286', '1533207286'),
(1625, 24, 12, 1, 4, 1, 24, '1533207286', '1533207286'),
(1626, 24, 12, 1, 5, 4, 24, '1533207286', '1533207286'),
(1627, 24, 12, 1, 6, 5, 24, '1533207286', '1533207286'),
(1628, 24, 12, 1, 7, 2, 24, '1533207286', '1533207286'),
(1629, 24, 12, 1, 8, 2, 24, '1533207286', '1533207286'),
(1630, 24, 12, 1, 1, 0, 25, '1533207286', '1533207286'),
(1631, 24, 12, 1, 2, 3, 25, '1533207286', '1533207286'),
(1632, 24, 12, 1, 3, 2, 25, '1533207286', '1533207286'),
(1633, 24, 12, 1, 4, 0, 25, '1533207286', '1533207286'),
(1634, 24, 12, 1, 5, 2, 25, '1533207286', '1533207286'),
(1635, 24, 12, 1, 6, 5, 25, '1533207286', '1533207286'),
(1636, 24, 12, 1, 7, 4, 25, '1533207286', '1533207286'),
(1637, 24, 12, 1, 8, 1, 25, '1533207286', '1533207286'),
(1638, 24, 12, 1, 1, 3, 26, '1533207286', '1533207286'),
(1639, 24, 12, 1, 2, 0, 26, '1533207286', '1533207286'),
(1640, 24, 12, 1, 3, 2, 26, '1533207286', '1533207286'),
(1641, 24, 12, 1, 4, 5, 26, '1533207287', '1533207287'),
(1642, 24, 12, 1, 5, 4, 26, '1533207287', '1533207287'),
(1643, 24, 12, 1, 6, 1, 26, '1533207287', '1533207287'),
(1644, 24, 12, 1, 7, 2, 26, '1533207287', '1533207287'),
(1645, 24, 12, 1, 8, 0, 26, '1533207287', '1533207287'),
(1646, 24, 12, 2, 9, 3, NULL, '1533207287', '1533207287'),
(1647, 24, 12, 2, 10, 2, NULL, '1533207287', '1533207287'),
(1648, 24, 12, 2, 11, 0, NULL, '1533207287', '1533207287'),
(1649, 24, 12, 2, 12, 2, NULL, '1533207287', '1533207287'),
(1650, 24, 12, 2, 13, 1, NULL, '1533207287', '1533207287'),
(1651, 24, 12, 3, 14, 2, NULL, '1533207287', '1533207287'),
(1652, 24, 12, 3, 15, 0, NULL, '1533207287', '1533207287'),
(1653, 24, 12, 3, 16, 47, NULL, '1533207287', '1533207287'),
(1654, 24, 12, 3, 17, 50, NULL, '1533207288', '1533207288'),
(1655, 24, 12, 3, 18, 2, NULL, '1533207288', '1533207288'),
(1656, 24, 12, 3, 19, 1, NULL, '1533207288', '1533207288'),
(1657, 24, 12, 3, 20, 4, NULL, '1533207288', '1533207288'),
(1658, 24, 12, 3, 21, 5, NULL, '1533207288', '1533207288'),
(1659, 24, 12, 3, 22, 2, NULL, '1533207288', '1533207288'),
(1660, 24, 12, 3, 23, 3, NULL, '1533207288', '1533207288'),
(1661, 24, 12, 4, 24, 2, NULL, '1533207288', '1533207288'),
(1662, 24, 12, 4, 25, 3, NULL, '1533207288', '1533207288'),
(1663, 24, 12, 4, 26, 4, NULL, '1533207288', '1533207288'),
(1664, 24, 12, 4, 27, 2, NULL, '1533207288', '1533207288'),
(1665, 24, 12, 4, 28, 3, NULL, '1533207288', '1533207288'),
(1666, 24, 12, 5, 29, 3, NULL, '1533207288', '1533207288'),
(1667, 24, 12, 5, 30, 1, NULL, '1533207288', '1533207288'),
(1668, 24, 12, 5, 31, 1, NULL, '1533207288', '1533207288'),
(1669, 24, 12, 5, 32, 2, NULL, '1533207288', '1533207288'),
(1670, 24, 12, 5, 33, 5, NULL, '1533207289', '1533207289'),
(1671, 24, 12, 6, 34, 46, NULL, '1533207289', '1533207289'),
(1672, 24, 12, 6, 35, 61, NULL, '1533207289', '1533207289'),
(1673, 25, 13, 1, 1, 3, 1, '1533207523', '1533207523'),
(1674, 25, 13, 1, 2, 2, 1, '1533207523', '1533207523'),
(1675, 25, 13, 1, 3, 1, 1, '1533207523', '1533207523'),
(1676, 25, 13, 1, 4, 4, 1, '1533207523', '1533207523'),
(1677, 25, 13, 1, 5, 5, 1, '1533207523', '1533207523'),
(1678, 25, 13, 1, 6, 2, 1, '1533207523', '1533207523'),
(1679, 25, 13, 1, 7, 1, 1, '1533207523', '1533207523'),
(1680, 25, 13, 1, 8, 2, 1, '1533207523', '1533207523'),
(1681, 25, 13, 1, 1, 3, 29, '1533207523', '1533207523'),
(1682, 25, 13, 1, 2, 2, 29, '1533207523', '1533207523'),
(1683, 25, 13, 1, 3, 1, 29, '1533207523', '1533207523'),
(1684, 25, 13, 1, 4, 4, 29, '1533207523', '1533207523'),
(1685, 25, 13, 1, 5, 5, 29, '1533207523', '1533207523'),
(1686, 25, 13, 1, 6, 2, 29, '1533207524', '1533207524'),
(1687, 25, 13, 1, 7, 3, 29, '1533207524', '1533207524'),
(1688, 25, 13, 1, 8, 2, 29, '1533207524', '1533207524'),
(1689, 25, 13, 1, 1, 1, 30, '1533207524', '1533207524'),
(1690, 25, 13, 1, 2, 4, 30, '1533207524', '1533207524'),
(1691, 25, 13, 1, 3, 5, 30, '1533207524', '1533207524'),
(1692, 25, 13, 1, 4, 2, 30, '1533207524', '1533207524'),
(1693, 25, 13, 1, 5, 3, 30, '1533207524', '1533207524'),
(1694, 25, 13, 1, 6, 2, 30, '1533207524', '1533207524'),
(1695, 25, 13, 1, 7, 1, 30, '1533207525', '1533207525'),
(1696, 25, 13, 1, 8, 4, 30, '1533207525', '1533207525'),
(1697, 25, 13, 1, 1, 5, 31, '1533207525', '1533207525'),
(1698, 25, 13, 1, 2, 2, 31, '1533207525', '1533207525'),
(1699, 25, 13, 1, 3, 0, 31, '1533207525', '1533207525'),
(1700, 25, 13, 1, 4, 3, 31, '1533207525', '1533207525'),
(1701, 25, 13, 1, 5, 2, 31, '1533207525', '1533207525'),
(1702, 25, 13, 1, 6, 5, 31, '1533207525', '1533207525'),
(1703, 25, 13, 1, 7, 1, 31, '1533207525', '1533207525'),
(1704, 25, 13, 1, 8, 2, 31, '1533207525', '1533207525'),
(1705, 25, 13, 2, 9, 3, NULL, '1533207525', '1533207525'),
(1706, 25, 13, 2, 10, 2, NULL, '1533207525', '1533207525'),
(1707, 25, 13, 2, 11, 2, NULL, '1533207525', '1533207525'),
(1708, 25, 13, 2, 12, 1, NULL, '1533207526', '1533207526'),
(1709, 25, 13, 2, 13, 0, NULL, '1533207526', '1533207526'),
(1710, 25, 13, 3, 14, 3, NULL, '1533207526', '1533207526'),
(1711, 25, 13, 3, 15, 0, NULL, '1533207526', '1533207526'),
(1712, 25, 13, 3, 16, 47, NULL, '1533207526', '1533207526'),
(1713, 25, 13, 3, 17, 50, NULL, '1533207526', '1533207526'),
(1714, 25, 13, 3, 18, 2, NULL, '1533207526', '1533207526'),
(1715, 25, 13, 3, 19, 3, NULL, '1533207526', '1533207526'),
(1716, 25, 13, 3, 20, 1, NULL, '1533207526', '1533207526'),
(1717, 25, 13, 3, 21, 0, NULL, '1533207526', '1533207526'),
(1718, 25, 13, 3, 22, 5, NULL, '1533207526', '1533207526'),
(1719, 25, 13, 3, 23, 2, NULL, '1533207526', '1533207526'),
(1720, 25, 13, 4, 24, 3, NULL, '1533207527', '1533207527'),
(1721, 25, 13, 4, 25, 2, NULL, '1533207527', '1533207527'),
(1722, 25, 13, 4, 26, 2, NULL, '1533207527', '1533207527'),
(1723, 25, 13, 4, 27, 2, NULL, '1533207527', '1533207527'),
(1724, 25, 13, 4, 28, 2, NULL, '1533207527', '1533207527'),
(1725, 25, 13, 5, 29, 3, NULL, '1533207527', '1533207527'),
(1726, 25, 13, 5, 30, 1, NULL, '1533207527', '1533207527'),
(1727, 25, 13, 5, 31, 2, NULL, '1533207527', '1533207527'),
(1728, 25, 13, 5, 32, 3, NULL, '1533207527', '1533207527'),
(1729, 25, 13, 5, 33, 3, NULL, '1533207527', '1533207527'),
(1730, 25, 13, 6, 34, 46, NULL, '1533207527', '1533207527'),
(1731, 25, 13, 6, 35, 61, NULL, '1533207527', '1533207527'),
(1732, 26, 13, 1, 1, 3, 1, '1533207728', '1533207728'),
(1733, 26, 13, 1, 2, 2, 1, '1533207728', '1533207728'),
(1734, 26, 13, 1, 3, 0, 1, '1533207728', '1533207728'),
(1735, 26, 13, 1, 4, 1, 1, '1533207728', '1533207728'),
(1736, 26, 13, 1, 5, 4, 1, '1533207728', '1533207728'),
(1737, 26, 13, 1, 6, 5, 1, '1533207729', '1533207729'),
(1738, 26, 13, 1, 7, 2, 1, '1533207729', '1533207729'),
(1739, 26, 13, 1, 8, 0, 1, '1533207729', '1533207729'),
(1740, 26, 13, 1, 1, 3, 29, '1533207729', '1533207729'),
(1741, 26, 13, 1, 2, 2, 29, '1533207729', '1533207729'),
(1742, 26, 13, 1, 3, 5, 29, '1533207729', '1533207729'),
(1743, 26, 13, 1, 4, 4, 29, '1533207729', '1533207729'),
(1744, 26, 13, 1, 5, 1, 29, '1533207729', '1533207729'),
(1745, 26, 13, 1, 6, 2, 29, '1533207729', '1533207729'),
(1746, 26, 13, 1, 7, 3, 29, '1533207729', '1533207729'),
(1747, 26, 13, 1, 8, 0, 29, '1533207729', '1533207729'),
(1748, 26, 13, 1, 1, 2, 30, '1533207729', '1533207729'),
(1749, 26, 13, 1, 2, 5, 30, '1533207729', '1533207729'),
(1750, 26, 13, 1, 3, 4, 30, '1533207729', '1533207729'),
(1751, 26, 13, 1, 4, 1, 30, '1533207729', '1533207729'),
(1752, 26, 13, 1, 5, 2, 30, '1533207729', '1533207729'),
(1753, 26, 13, 1, 6, 3, 30, '1533207729', '1533207729'),
(1754, 26, 13, 1, 7, 0, 30, '1533207729', '1533207729'),
(1755, 26, 13, 1, 8, 1, 30, '1533207730', '1533207730'),
(1756, 26, 13, 1, 1, 2, 31, '1533207730', '1533207730'),
(1757, 26, 13, 1, 2, 5, 31, '1533207730', '1533207730'),
(1758, 26, 13, 1, 3, 3, 31, '1533207730', '1533207730'),
(1759, 26, 13, 1, 4, 0, 31, '1533207730', '1533207730'),
(1760, 26, 13, 1, 5, 2, 31, '1533207730', '1533207730'),
(1761, 26, 13, 1, 6, 5, 31, '1533207730', '1533207730'),
(1762, 26, 13, 1, 7, 2, 31, '1533207730', '1533207730'),
(1763, 26, 13, 1, 8, 3, 31, '1533207730', '1533207730'),
(1764, 26, 13, 2, 9, 2, NULL, '1533207730', '1533207730'),
(1765, 26, 13, 2, 10, 3, NULL, '1533207730', '1533207730'),
(1766, 26, 13, 2, 11, 0, NULL, '1533207730', '1533207730'),
(1767, 26, 13, 2, 12, 2, NULL, '1533207730', '1533207730'),
(1768, 26, 13, 2, 13, 5, NULL, '1533207730', '1533207730'),
(1769, 26, 13, 3, 14, 3, NULL, '1533207731', '1533207731'),
(1770, 26, 13, 3, 15, 2, NULL, '1533207731', '1533207731'),
(1771, 26, 13, 3, 16, 49, NULL, '1533207731', '1533207731'),
(1772, 26, 13, 3, 17, 51, NULL, '1533207731', '1533207731'),
(1773, 26, 13, 3, 18, 2, NULL, '1533207731', '1533207731'),
(1774, 26, 13, 3, 19, 3, NULL, '1533207731', '1533207731'),
(1775, 26, 13, 3, 20, 0, NULL, '1533207731', '1533207731'),
(1776, 26, 13, 3, 21, 2, NULL, '1533207731', '1533207731'),
(1777, 26, 13, 3, 22, 5, NULL, '1533207731', '1533207731'),
(1778, 26, 13, 3, 23, 3, NULL, '1533207731', '1533207731'),
(1779, 26, 13, 4, 24, 3, NULL, '1533207731', '1533207731'),
(1780, 26, 13, 4, 25, 2, NULL, '1533207731', '1533207731'),
(1781, 26, 13, 4, 26, 5, NULL, '1533207731', '1533207731'),
(1782, 26, 13, 4, 27, 3, NULL, '1533207731', '1533207731'),
(1783, 26, 13, 4, 28, 2, NULL, '1533207732', '1533207732'),
(1784, 26, 13, 5, 29, 3, NULL, '1533207732', '1533207732'),
(1785, 26, 13, 5, 30, 2, NULL, '1533207732', '1533207732'),
(1786, 26, 13, 5, 31, 1, NULL, '1533207732', '1533207732'),
(1787, 26, 13, 5, 32, 4, NULL, '1533207732', '1533207732'),
(1788, 26, 13, 5, 33, 5, NULL, '1533207732', '1533207732'),
(1789, 26, 13, 6, 34, 46, NULL, '1533207732', '1533207732'),
(1790, 26, 13, 6, 35, 60, NULL, '1533207732', '1533207732'),
(1791, 27, 14, 1, 1, 2, 27, '1533207951', '1533207951'),
(1792, 27, 14, 1, 2, 0, 27, '1533207952', '1533207952'),
(1793, 27, 14, 1, 3, 3, 27, '1533207952', '1533207952'),
(1794, 27, 14, 1, 4, 5, 27, '1533207952', '1533207952'),
(1795, 27, 14, 1, 5, 4, 27, '1533207952', '1533207952'),
(1796, 27, 14, 1, 6, 2, 27, '1533207952', '1533207952'),
(1797, 27, 14, 1, 7, 0, 27, '1533207952', '1533207952'),
(1798, 27, 14, 1, 8, 3, 27, '1533207952', '1533207952'),
(1799, 27, 14, 1, 1, 2, 28, '1533207952', '1533207952'),
(1800, 27, 14, 1, 2, 5, 28, '1533207952', '1533207952'),
(1801, 27, 14, 1, 3, 4, 28, '1533207952', '1533207952'),
(1802, 27, 14, 1, 4, 2, 28, '1533207952', '1533207952'),
(1803, 27, 14, 1, 5, 2, 28, '1533207952', '1533207952'),
(1804, 27, 14, 1, 6, 0, 28, '1533207952', '1533207952'),
(1805, 27, 14, 1, 7, 3, 28, '1533207952', '1533207952'),
(1806, 27, 14, 1, 8, 5, 28, '1533207952', '1533207952'),
(1807, 27, 14, 1, 1, 2, 29, '1533207952', '1533207952'),
(1808, 27, 14, 1, 2, 3, 29, '1533207952', '1533207952'),
(1809, 27, 14, 1, 3, 0, 29, '1533207952', '1533207952'),
(1810, 27, 14, 1, 4, 2, 29, '1533207952', '1533207952'),
(1811, 27, 14, 1, 5, 1, 29, '1533207953', '1533207953'),
(1812, 27, 14, 1, 6, 4, 29, '1533207953', '1533207953'),
(1813, 27, 14, 1, 7, 5, 29, '1533207953', '1533207953'),
(1814, 27, 14, 1, 8, 2, 29, '1533207953', '1533207953'),
(1815, 27, 14, 1, 1, 3, 30, '1533207953', '1533207953'),
(1816, 27, 14, 1, 2, 0, 30, '1533207953', '1533207953'),
(1817, 27, 14, 1, 3, 2, 30, '1533207953', '1533207953'),
(1818, 27, 14, 1, 4, 1, 30, '1533207953', '1533207953'),
(1819, 27, 14, 1, 5, 4, 30, '1533207953', '1533207953'),
(1820, 27, 14, 1, 6, 5, 30, '1533207953', '1533207953'),
(1821, 27, 14, 1, 7, 2, 30, '1533207953', '1533207953'),
(1822, 27, 14, 1, 8, 3, 30, '1533207953', '1533207953'),
(1823, 27, 14, 1, 1, 0, 31, '1533207953', '1533207953'),
(1824, 27, 14, 1, 2, 1, 31, '1533207953', '1533207953'),
(1825, 27, 14, 1, 3, 4, 31, '1533207953', '1533207953'),
(1826, 27, 14, 1, 4, 5, 31, '1533207953', '1533207953'),
(1827, 27, 14, 1, 5, 2, 31, '1533207953', '1533207953'),
(1828, 27, 14, 1, 6, 3, 31, '1533207953', '1533207953'),
(1829, 27, 14, 1, 7, 2, 31, '1533207953', '1533207953'),
(1830, 27, 14, 1, 8, 0, 31, '1533207953', '1533207953'),
(1831, 27, 14, 2, 9, 4, NULL, '1533207953', '1533207953'),
(1832, 27, 14, 2, 10, 5, NULL, '1533207953', '1533207953'),
(1833, 27, 14, 2, 11, 2, NULL, '1533207953', '1533207953'),
(1834, 27, 14, 2, 12, 1, NULL, '1533207954', '1533207954'),
(1835, 27, 14, 2, 13, 3, NULL, '1533207954', '1533207954'),
(1836, 27, 14, 3, 14, 3, NULL, '1533207954', '1533207954');
INSERT INTO `analysis_master` (`analysis_master_id`, `entry_id`, `class_id`, `section_id`, `criteria_id`, `criteria_points`, `emp_code`, `created_at`, `updated_at`) VALUES
(1837, 27, 14, 3, 15, 2, NULL, '1533207954', '1533207954'),
(1838, 27, 14, 3, 16, 49, NULL, '1533207954', '1533207954'),
(1839, 27, 14, 3, 17, 51, NULL, '1533207954', '1533207954'),
(1840, 27, 14, 3, 18, 4, NULL, '1533207954', '1533207954'),
(1841, 27, 14, 3, 19, 2, NULL, '1533207954', '1533207954'),
(1842, 27, 14, 3, 20, 5, NULL, '1533207954', '1533207954'),
(1843, 27, 14, 3, 21, 3, NULL, '1533207954', '1533207954'),
(1844, 27, 14, 3, 22, 2, NULL, '1533207954', '1533207954'),
(1845, 27, 14, 3, 23, 1, NULL, '1533207954', '1533207954'),
(1846, 27, 14, 4, 24, 4, NULL, '1533207954', '1533207954'),
(1847, 27, 14, 4, 25, 2, NULL, '1533207954', '1533207954'),
(1848, 27, 14, 4, 26, 5, NULL, '1533207954', '1533207954'),
(1849, 27, 14, 4, 27, 1, NULL, '1533207954', '1533207954'),
(1850, 27, 14, 4, 28, 2, NULL, '1533207954', '1533207954'),
(1851, 27, 14, 5, 29, 2, NULL, '1533207954', '1533207954'),
(1852, 27, 14, 5, 30, 4, NULL, '1533207954', '1533207954'),
(1853, 27, 14, 5, 31, 2, NULL, '1533207954', '1533207954'),
(1854, 27, 14, 5, 32, 5, NULL, '1533207954', '1533207954'),
(1855, 27, 14, 5, 33, 1, NULL, '1533207954', '1533207954'),
(1856, 27, 14, 6, 34, 46, NULL, '1533207955', '1533207955'),
(1857, 27, 14, 6, 35, 60, NULL, '1533207955', '1533207955'),
(1858, 28, 15, 1, 1, 2, 27, '1533208114', '1533208114'),
(1859, 28, 15, 1, 2, 0, 27, '1533208114', '1533208114'),
(1860, 28, 15, 1, 3, 1, 27, '1533208114', '1533208114'),
(1861, 28, 15, 1, 4, 4, 27, '1533208114', '1533208114'),
(1862, 28, 15, 1, 5, 5, 27, '1533208114', '1533208114'),
(1863, 28, 15, 1, 6, 2, 27, '1533208114', '1533208114'),
(1864, 28, 15, 1, 7, 3, 27, '1533208114', '1533208114'),
(1865, 28, 15, 1, 8, 0, 27, '1533208114', '1533208114'),
(1866, 28, 15, 1, 1, 2, 29, '1533208114', '1533208114'),
(1867, 28, 15, 1, 2, 5, 29, '1533208114', '1533208114'),
(1868, 28, 15, 1, 3, 4, 29, '1533208114', '1533208114'),
(1869, 28, 15, 1, 4, 1, 29, '1533208114', '1533208114'),
(1870, 28, 15, 1, 5, 2, 29, '1533208114', '1533208114'),
(1871, 28, 15, 1, 6, 3, 29, '1533208114', '1533208114'),
(1872, 28, 15, 1, 7, 0, 29, '1533208114', '1533208114'),
(1873, 28, 15, 1, 8, 2, 29, '1533208114', '1533208114'),
(1874, 28, 15, 1, 1, 5, 31, '1533208114', '1533208114'),
(1875, 28, 15, 1, 2, 1, 31, '1533208114', '1533208114'),
(1876, 28, 15, 1, 3, 2, 31, '1533208115', '1533208115'),
(1877, 28, 15, 1, 4, 3, 31, '1533208115', '1533208115'),
(1878, 28, 15, 1, 5, 0, 31, '1533208115', '1533208115'),
(1879, 28, 15, 1, 6, 1, 31, '1533208115', '1533208115'),
(1880, 28, 15, 1, 7, 4, 31, '1533208115', '1533208115'),
(1881, 28, 15, 1, 8, 5, 31, '1533208115', '1533208115'),
(1882, 28, 15, 2, 9, 2, NULL, '1533208115', '1533208115'),
(1883, 28, 15, 2, 10, 3, NULL, '1533208115', '1533208115'),
(1884, 28, 15, 2, 11, 5, NULL, '1533208115', '1533208115'),
(1885, 28, 15, 2, 12, 2, NULL, '1533208115', '1533208115'),
(1886, 28, 15, 2, 13, 3, NULL, '1533208115', '1533208115'),
(1887, 28, 15, 3, 14, 2, NULL, '1533208115', '1533208115'),
(1888, 28, 15, 3, 15, 3, NULL, '1533208115', '1533208115'),
(1889, 28, 15, 3, 16, 49, NULL, '1533208115', '1533208115'),
(1890, 28, 15, 3, 17, 51, NULL, '1533208115', '1533208115'),
(1891, 28, 15, 3, 18, 4, NULL, '1533208115', '1533208115'),
(1892, 28, 15, 3, 19, 5, NULL, '1533208115', '1533208115'),
(1893, 28, 15, 3, 20, 2, NULL, '1533208115', '1533208115'),
(1894, 28, 15, 3, 21, 3, NULL, '1533208115', '1533208115'),
(1895, 28, 15, 3, 22, 2, NULL, '1533208115', '1533208115'),
(1896, 28, 15, 3, 23, 3, NULL, '1533208115', '1533208115'),
(1897, 28, 15, 4, 24, 3, NULL, '1533208116', '1533208116'),
(1898, 28, 15, 4, 25, 2, NULL, '1533208116', '1533208116'),
(1899, 28, 15, 4, 26, 5, NULL, '1533208116', '1533208116'),
(1900, 28, 15, 4, 27, 4, NULL, '1533208116', '1533208116'),
(1901, 28, 15, 4, 28, 2, NULL, '1533208116', '1533208116'),
(1902, 28, 15, 5, 29, 3, NULL, '1533208116', '1533208116'),
(1903, 28, 15, 5, 30, 2, NULL, '1533208116', '1533208116'),
(1904, 28, 15, 5, 31, 5, NULL, '1533208116', '1533208116'),
(1905, 28, 15, 5, 32, 1, NULL, '1533208116', '1533208116'),
(1906, 28, 15, 5, 33, 4, NULL, '1533208116', '1533208116'),
(1907, 28, 15, 6, 34, 45, NULL, '1533208116', '1533208116'),
(1908, 28, 15, 6, 35, 60, NULL, '1533208116', '1533208116'),
(1909, 29, 12, 1, 1, 4, 23, '1550731544', '1550731544'),
(1910, 29, 12, 1, 2, 2, 23, '1550731544', '1550731544'),
(1911, 29, 12, 1, 3, 3, 23, '1550731544', '1550731544'),
(1912, 29, 12, 1, 4, 5, 23, '1550731544', '1550731544'),
(1913, 29, 12, 1, 5, 5, 23, '1550731544', '1550731544'),
(1914, 29, 12, 1, 6, 2, 23, '1550731544', '1550731544'),
(1915, 29, 12, 1, 7, 3, 23, '1550731544', '1550731544'),
(1916, 29, 12, 1, 8, 1, 23, '1550731544', '1550731544'),
(1917, 29, 12, 1, 1, 2, 24, '1550731544', '1550731544'),
(1918, 29, 12, 1, 2, 5, 24, '1550731544', '1550731544'),
(1919, 29, 12, 1, 3, 3, 24, '1550731544', '1550731544'),
(1920, 29, 12, 1, 4, 4, 24, '1550731544', '1550731544'),
(1921, 29, 12, 1, 5, 4, 24, '1550731544', '1550731544'),
(1922, 29, 12, 1, 6, 2, 24, '1550731544', '1550731544'),
(1923, 29, 12, 1, 7, 4, 24, '1550731544', '1550731544'),
(1924, 29, 12, 1, 8, 2, 24, '1550731544', '1550731544'),
(1925, 29, 12, 1, 1, 4, 25, '1550731544', '1550731544'),
(1926, 29, 12, 1, 2, 3, 25, '1550731544', '1550731544'),
(1927, 29, 12, 1, 3, 2, 25, '1550731544', '1550731544'),
(1928, 29, 12, 1, 4, 4, 25, '1550731544', '1550731544'),
(1929, 29, 12, 1, 5, 2, 25, '1550731544', '1550731544'),
(1930, 29, 12, 1, 6, 4, 25, '1550731544', '1550731544'),
(1931, 29, 12, 1, 7, 4, 25, '1550731544', '1550731544'),
(1932, 29, 12, 1, 8, 4, 25, '1550731544', '1550731544'),
(1933, 29, 12, 1, 1, 2, 26, '1550731544', '1550731544'),
(1934, 29, 12, 1, 2, 4, 26, '1550731545', '1550731545'),
(1935, 29, 12, 1, 3, 2, 26, '1550731545', '1550731545'),
(1936, 29, 12, 1, 4, 4, 26, '1550731545', '1550731545'),
(1937, 29, 12, 1, 5, 4, 26, '1550731545', '1550731545'),
(1938, 29, 12, 1, 6, 2, 26, '1550731545', '1550731545'),
(1939, 29, 12, 1, 7, 2, 26, '1550731545', '1550731545'),
(1940, 29, 12, 1, 8, 2, 26, '1550731545', '1550731545'),
(1941, 29, 12, 2, 9, 4, NULL, '1550731545', '1550731545'),
(1942, 29, 12, 2, 10, 4, NULL, '1550731545', '1550731545'),
(1943, 29, 12, 2, 11, 4, NULL, '1550731545', '1550731545'),
(1944, 29, 12, 2, 12, 4, NULL, '1550731545', '1550731545'),
(1945, 29, 12, 2, 13, 4, NULL, '1550731545', '1550731545'),
(1946, 29, 12, 3, 14, 2, NULL, '1550731545', '1550731545'),
(1947, 29, 12, 3, 15, 2, NULL, '1550731545', '1550731545'),
(1948, 29, 12, 3, 16, 47, NULL, '1550731545', '1550731545'),
(1949, 29, 12, 3, 17, 50, NULL, '1550731545', '1550731545'),
(1950, 29, 12, 3, 18, 3, NULL, '1550731545', '1550731545'),
(1951, 29, 12, 3, 19, 3, NULL, '1550731545', '1550731545'),
(1952, 29, 12, 3, 20, 3, NULL, '1550731545', '1550731545'),
(1953, 29, 12, 3, 21, 3, NULL, '1550731545', '1550731545'),
(1954, 29, 12, 3, 22, 3, NULL, '1550731545', '1550731545'),
(1955, 29, 12, 3, 23, 3, NULL, '1550731545', '1550731545'),
(1956, 29, 12, 4, 24, 4, NULL, '1550731545', '1550731545'),
(1957, 29, 12, 4, 25, 4, NULL, '1550731545', '1550731545'),
(1958, 29, 12, 4, 26, 4, NULL, '1550731546', '1550731546'),
(1959, 29, 12, 4, 27, 4, NULL, '1550731546', '1550731546'),
(1960, 29, 12, 4, 28, 4, NULL, '1550731546', '1550731546'),
(1961, 29, 12, 5, 29, 3, NULL, '1550731546', '1550731546'),
(1962, 29, 12, 5, 30, 3, NULL, '1550731546', '1550731546'),
(1963, 29, 12, 5, 31, 3, NULL, '1550731546', '1550731546'),
(1964, 29, 12, 5, 32, 3, NULL, '1550731546', '1550731546'),
(1965, 29, 12, 5, 33, 3, NULL, '1550731546', '1550731546'),
(1966, 29, 12, 6, 34, 45, NULL, '1550731546', '1550731546'),
(1967, 29, 12, 6, 35, 59, NULL, '1550731546', '1550731546'),
(1968, 30, 12, 1, 1, 4, 23, '1550731646', '1550731646'),
(1969, 30, 12, 1, 2, 4, 23, '1550731647', '1550731647'),
(1970, 30, 12, 1, 3, 4, 23, '1550731647', '1550731647'),
(1971, 30, 12, 1, 4, 4, 23, '1550731647', '1550731647'),
(1972, 30, 12, 1, 5, 2, 23, '1550731647', '1550731647'),
(1973, 30, 12, 1, 6, 4, 23, '1550731647', '1550731647'),
(1974, 30, 12, 1, 7, 2, 23, '1550731647', '1550731647'),
(1975, 30, 12, 1, 8, 3, 23, '1550731647', '1550731647'),
(1976, 30, 12, 1, 1, 1, 24, '1550731647', '1550731647'),
(1977, 30, 12, 1, 2, 2, 24, '1550731647', '1550731647'),
(1978, 30, 12, 1, 3, 2, 24, '1550731647', '1550731647'),
(1979, 30, 12, 1, 4, 3, 24, '1550731647', '1550731647'),
(1980, 30, 12, 1, 5, 2, 24, '1550731647', '1550731647'),
(1981, 30, 12, 1, 6, 2, 24, '1550731647', '1550731647'),
(1982, 30, 12, 1, 7, 2, 24, '1550731647', '1550731647'),
(1983, 30, 12, 1, 8, 2, 24, '1550731647', '1550731647'),
(1984, 30, 12, 1, 1, 2, 25, '1550731647', '1550731647'),
(1985, 30, 12, 1, 2, 2, 25, '1550731647', '1550731647'),
(1986, 30, 12, 1, 3, 2, 25, '1550731647', '1550731647'),
(1987, 30, 12, 1, 4, 2, 25, '1550731647', '1550731647'),
(1988, 30, 12, 1, 5, 2, 25, '1550731647', '1550731647'),
(1989, 30, 12, 1, 6, 2, 25, '1550731647', '1550731647'),
(1990, 30, 12, 1, 7, 2, 25, '1550731647', '1550731647'),
(1991, 30, 12, 1, 8, 2, 25, '1550731647', '1550731647'),
(1992, 30, 12, 1, 1, 2, 26, '1550731647', '1550731647'),
(1993, 30, 12, 1, 2, 4, 26, '1550731647', '1550731647'),
(1994, 30, 12, 1, 3, 4, 26, '1550731647', '1550731647'),
(1995, 30, 12, 1, 4, 4, 26, '1550731647', '1550731647'),
(1996, 30, 12, 1, 5, 4, 26, '1550731647', '1550731647'),
(1997, 30, 12, 1, 6, 4, 26, '1550731648', '1550731648'),
(1998, 30, 12, 1, 7, 4, 26, '1550731648', '1550731648'),
(1999, 30, 12, 1, 8, 4, 26, '1550731648', '1550731648'),
(2000, 30, 12, 2, 9, 3, NULL, '1550731648', '1550731648'),
(2001, 30, 12, 2, 10, 3, NULL, '1550731648', '1550731648'),
(2002, 30, 12, 2, 11, 3, NULL, '1550731648', '1550731648'),
(2003, 30, 12, 2, 12, 3, NULL, '1550731648', '1550731648'),
(2004, 30, 12, 2, 13, 3, NULL, '1550731648', '1550731648'),
(2005, 30, 12, 3, 14, 4, NULL, '1550731648', '1550731648'),
(2006, 30, 12, 3, 15, 4, NULL, '1550731648', '1550731648'),
(2007, 30, 12, 3, 16, 47, NULL, '1550731648', '1550731648'),
(2008, 30, 12, 3, 17, 50, NULL, '1550731648', '1550731648'),
(2009, 30, 12, 3, 18, 4, NULL, '1550731648', '1550731648'),
(2010, 30, 12, 3, 19, 4, NULL, '1550731648', '1550731648'),
(2011, 30, 12, 3, 20, 2, NULL, '1550731648', '1550731648'),
(2012, 30, 12, 3, 21, 4, NULL, '1550731648', '1550731648'),
(2013, 30, 12, 3, 22, 4, NULL, '1550731648', '1550731648'),
(2014, 30, 12, 3, 23, 4, NULL, '1550731648', '1550731648'),
(2015, 30, 12, 4, 24, 2, NULL, '1550731648', '1550731648'),
(2016, 30, 12, 4, 25, 2, NULL, '1550731648', '1550731648'),
(2017, 30, 12, 4, 26, 2, NULL, '1550731648', '1550731648'),
(2018, 30, 12, 4, 27, 2, NULL, '1550731648', '1550731648'),
(2019, 30, 12, 4, 28, 2, NULL, '1550731648', '1550731648'),
(2020, 30, 12, 5, 29, 2, NULL, '1550731648', '1550731648'),
(2021, 30, 12, 5, 30, 2, NULL, '1550731648', '1550731648'),
(2022, 30, 12, 5, 31, 2, NULL, '1550731648', '1550731648'),
(2023, 30, 12, 5, 32, 2, NULL, '1550731649', '1550731649'),
(2024, 30, 12, 5, 33, 2, NULL, '1550731649', '1550731649'),
(2025, 30, 12, 6, 34, 45, NULL, '1550731649', '1550731649'),
(2026, 30, 12, 6, 35, 61, NULL, '1550731649', '1550731649'),
(2027, 31, 12, 1, 1, 3, 23, '1550731717', '1550731717'),
(2028, 31, 12, 1, 2, 3, 23, '1550731717', '1550731717'),
(2029, 31, 12, 1, 3, 3, 23, '1550731717', '1550731717'),
(2030, 31, 12, 1, 4, 1, 23, '1550731717', '1550731717'),
(2031, 31, 12, 1, 5, 3, 23, '1550731717', '1550731717'),
(2032, 31, 12, 1, 6, 2, 23, '1550731717', '1550731717'),
(2033, 31, 12, 1, 7, 1, 23, '1550731717', '1550731717'),
(2034, 31, 12, 1, 8, 3, 23, '1550731717', '1550731717'),
(2035, 31, 12, 1, 1, 1, 24, '1550731717', '1550731717'),
(2036, 31, 12, 1, 2, 2, 24, '1550731717', '1550731717'),
(2037, 31, 12, 1, 3, 3, 24, '1550731717', '1550731717'),
(2038, 31, 12, 1, 4, 1, 24, '1550731717', '1550731717'),
(2039, 31, 12, 1, 5, 2, 24, '1550731717', '1550731717'),
(2040, 31, 12, 1, 6, 3, 24, '1550731717', '1550731717'),
(2041, 31, 12, 1, 7, 1, 24, '1550731717', '1550731717'),
(2042, 31, 12, 1, 8, 4, 24, '1550731717', '1550731717'),
(2043, 31, 12, 1, 1, 2, 25, '1550731717', '1550731717'),
(2044, 31, 12, 1, 2, 2, 25, '1550731717', '1550731717'),
(2045, 31, 12, 1, 3, 2, 25, '1550731717', '1550731717'),
(2046, 31, 12, 1, 4, 2, 25, '1550731717', '1550731717'),
(2047, 31, 12, 1, 5, 2, 25, '1550731717', '1550731717'),
(2048, 31, 12, 1, 6, 5, 25, '1550731717', '1550731717'),
(2049, 31, 12, 1, 7, 5, 25, '1550731717', '1550731717'),
(2050, 31, 12, 1, 8, 5, 25, '1550731717', '1550731717'),
(2051, 31, 12, 1, 1, 5, 26, '1550731717', '1550731717'),
(2052, 31, 12, 1, 2, 5, 26, '1550731717', '1550731717'),
(2053, 31, 12, 1, 3, 5, 26, '1550731717', '1550731717'),
(2054, 31, 12, 1, 4, 5, 26, '1550731718', '1550731718'),
(2055, 31, 12, 1, 5, 5, 26, '1550731718', '1550731718'),
(2056, 31, 12, 1, 6, 5, 26, '1550731718', '1550731718'),
(2057, 31, 12, 1, 7, 5, 26, '1550731718', '1550731718'),
(2058, 31, 12, 1, 8, 2, 26, '1550731718', '1550731718'),
(2059, 31, 12, 2, 9, 2, NULL, '1550731718', '1550731718'),
(2060, 31, 12, 2, 10, 2, NULL, '1550731718', '1550731718'),
(2061, 31, 12, 2, 11, 2, NULL, '1550731718', '1550731718'),
(2062, 31, 12, 2, 12, 2, NULL, '1550731718', '1550731718'),
(2063, 31, 12, 2, 13, 2, NULL, '1550731718', '1550731718'),
(2064, 31, 12, 3, 14, 3, NULL, '1550731718', '1550731718'),
(2065, 31, 12, 3, 15, 3, NULL, '1550731718', '1550731718'),
(2066, 31, 12, 3, 16, 49, NULL, '1550731718', '1550731718'),
(2067, 31, 12, 3, 17, 50, NULL, '1550731718', '1550731718'),
(2068, 31, 12, 3, 18, 3, NULL, '1550731718', '1550731718'),
(2069, 31, 12, 3, 19, 3, NULL, '1550731718', '1550731718'),
(2070, 31, 12, 3, 20, 3, NULL, '1550731718', '1550731718'),
(2071, 31, 12, 3, 21, 3, NULL, '1550731718', '1550731718'),
(2072, 31, 12, 3, 22, 3, NULL, '1550731718', '1550731718'),
(2073, 31, 12, 3, 23, 3, NULL, '1550731718', '1550731718'),
(2074, 31, 12, 4, 24, 2, NULL, '1550731718', '1550731718'),
(2075, 31, 12, 4, 25, 2, NULL, '1550731718', '1550731718'),
(2076, 31, 12, 4, 26, 3, NULL, '1550731718', '1550731718'),
(2077, 31, 12, 4, 27, 3, NULL, '1550731718', '1550731718'),
(2078, 31, 12, 4, 28, 2, NULL, '1550731718', '1550731718'),
(2079, 31, 12, 5, 29, 4, NULL, '1550731718', '1550731718'),
(2080, 31, 12, 5, 30, 4, NULL, '1550731718', '1550731718'),
(2081, 31, 12, 5, 31, 4, NULL, '1550731719', '1550731719'),
(2082, 31, 12, 5, 32, 4, NULL, '1550731719', '1550731719'),
(2083, 31, 12, 5, 33, 4, NULL, '1550731719', '1550731719'),
(2084, 31, 12, 6, 34, 46, NULL, '1550731719', '1550731719'),
(2085, 31, 12, 6, 35, 59, NULL, '1550731719', '1550731719'),
(2086, 32, 12, 1, 1, 2, 23, '1550731775', '1550731775'),
(2087, 32, 12, 1, 2, 2, 23, '1550731775', '1550731775'),
(2088, 32, 12, 1, 3, 2, 23, '1550731775', '1550731775'),
(2089, 32, 12, 1, 4, 2, 23, '1550731775', '1550731775'),
(2090, 32, 12, 1, 5, 2, 23, '1550731775', '1550731775'),
(2091, 32, 12, 1, 6, 2, 23, '1550731775', '1550731775'),
(2092, 32, 12, 1, 7, 2, 23, '1550731775', '1550731775'),
(2093, 32, 12, 1, 8, 2, 23, '1550731775', '1550731775'),
(2094, 32, 12, 1, 1, 2, 24, '1550731775', '1550731775'),
(2095, 32, 12, 1, 2, 2, 24, '1550731775', '1550731775'),
(2096, 32, 12, 1, 3, 2, 24, '1550731775', '1550731775'),
(2097, 32, 12, 1, 4, 2, 24, '1550731775', '1550731775'),
(2098, 32, 12, 1, 5, 3, 24, '1550731775', '1550731775'),
(2099, 32, 12, 1, 6, 2, 24, '1550731775', '1550731775'),
(2100, 32, 12, 1, 7, 3, 24, '1550731775', '1550731775'),
(2101, 32, 12, 1, 8, 3, 24, '1550731775', '1550731775'),
(2102, 32, 12, 1, 1, 3, 25, '1550731776', '1550731776'),
(2103, 32, 12, 1, 2, 3, 25, '1550731776', '1550731776'),
(2104, 32, 12, 1, 3, 3, 25, '1550731776', '1550731776'),
(2105, 32, 12, 1, 4, 3, 25, '1550731776', '1550731776'),
(2106, 32, 12, 1, 5, 5, 25, '1550731776', '1550731776'),
(2107, 32, 12, 1, 6, 5, 25, '1550731776', '1550731776'),
(2108, 32, 12, 1, 7, 5, 25, '1550731776', '1550731776'),
(2109, 32, 12, 1, 8, 5, 25, '1550731776', '1550731776'),
(2110, 32, 12, 1, 1, 5, 26, '1550731776', '1550731776'),
(2111, 32, 12, 1, 2, 5, 26, '1550731776', '1550731776'),
(2112, 32, 12, 1, 3, 5, 26, '1550731776', '1550731776'),
(2113, 32, 12, 1, 4, 5, 26, '1550731776', '1550731776'),
(2114, 32, 12, 1, 5, 5, 26, '1550731776', '1550731776'),
(2115, 32, 12, 1, 6, 5, 26, '1550731776', '1550731776'),
(2116, 32, 12, 1, 7, 5, 26, '1550731776', '1550731776'),
(2117, 32, 12, 1, 8, 5, 26, '1550731776', '1550731776'),
(2118, 32, 12, 2, 9, 2, NULL, '1550731776', '1550731776'),
(2119, 32, 12, 2, 10, 3, NULL, '1550731776', '1550731776'),
(2120, 32, 12, 2, 11, 2, NULL, '1550731776', '1550731776'),
(2121, 32, 12, 2, 12, 3, NULL, '1550731776', '1550731776'),
(2122, 32, 12, 2, 13, 2, NULL, '1550731776', '1550731776'),
(2123, 32, 12, 3, 14, 4, NULL, '1550731776', '1550731776'),
(2124, 32, 12, 3, 15, 4, NULL, '1550731776', '1550731776'),
(2125, 32, 12, 3, 16, 47, NULL, '1550731776', '1550731776'),
(2126, 32, 12, 3, 17, 50, NULL, '1550731777', '1550731777'),
(2127, 32, 12, 3, 18, 4, NULL, '1550731777', '1550731777'),
(2128, 32, 12, 3, 19, 4, NULL, '1550731777', '1550731777'),
(2129, 32, 12, 3, 20, 4, NULL, '1550731777', '1550731777'),
(2130, 32, 12, 3, 21, 4, NULL, '1550731777', '1550731777'),
(2131, 32, 12, 3, 22, 4, NULL, '1550731777', '1550731777'),
(2132, 32, 12, 3, 23, 4, NULL, '1550731777', '1550731777'),
(2133, 32, 12, 4, 24, 3, NULL, '1550731777', '1550731777'),
(2134, 32, 12, 4, 25, 3, NULL, '1550731777', '1550731777'),
(2135, 32, 12, 4, 26, 3, NULL, '1550731777', '1550731777'),
(2136, 32, 12, 4, 27, 3, NULL, '1550731777', '1550731777'),
(2137, 32, 12, 4, 28, 3, NULL, '1550731777', '1550731777'),
(2138, 32, 12, 5, 29, 2, NULL, '1550731777', '1550731777'),
(2139, 32, 12, 5, 30, 2, NULL, '1550731777', '1550731777'),
(2140, 32, 12, 5, 31, 2, NULL, '1550731777', '1550731777'),
(2141, 32, 12, 5, 32, 3, NULL, '1550731777', '1550731777'),
(2142, 32, 12, 5, 33, 2, NULL, '1550731777', '1550731777'),
(2143, 32, 12, 6, 34, 45, NULL, '1550731777', '1550731777'),
(2144, 32, 12, 6, 35, 61, NULL, '1550731777', '1550731777'),
(2145, 33, 11, 1, 1, 4, 20, '1550731849', '1550731849'),
(2146, 33, 11, 1, 2, 4, 20, '1550731849', '1550731849'),
(2147, 33, 11, 1, 3, 4, 20, '1550731849', '1550731849'),
(2148, 33, 11, 1, 4, 4, 20, '1550731849', '1550731849'),
(2149, 33, 11, 1, 5, 4, 20, '1550731849', '1550731849'),
(2150, 33, 11, 1, 6, 4, 20, '1550731850', '1550731850'),
(2151, 33, 11, 1, 7, 4, 20, '1550731850', '1550731850'),
(2152, 33, 11, 1, 8, 4, 20, '1550731850', '1550731850'),
(2153, 33, 11, 1, 1, 4, 21, '1550731850', '1550731850'),
(2154, 33, 11, 1, 2, 4, 21, '1550731850', '1550731850'),
(2155, 33, 11, 1, 3, 4, 21, '1550731850', '1550731850'),
(2156, 33, 11, 1, 4, 4, 21, '1550731850', '1550731850'),
(2157, 33, 11, 1, 5, 4, 21, '1550731850', '1550731850'),
(2158, 33, 11, 1, 6, 4, 21, '1550731850', '1550731850'),
(2159, 33, 11, 1, 7, 4, 21, '1550731850', '1550731850'),
(2160, 33, 11, 1, 8, 4, 21, '1550731850', '1550731850'),
(2161, 33, 11, 1, 1, 4, 22, '1550731850', '1550731850'),
(2162, 33, 11, 1, 2, 4, 22, '1550731850', '1550731850'),
(2163, 33, 11, 1, 3, 3, 22, '1550731850', '1550731850'),
(2164, 33, 11, 1, 4, 3, 22, '1550731850', '1550731850'),
(2165, 33, 11, 1, 5, 3, 22, '1550731850', '1550731850'),
(2166, 33, 11, 1, 6, 3, 22, '1550731850', '1550731850'),
(2167, 33, 11, 1, 7, 3, 22, '1550731850', '1550731850'),
(2168, 33, 11, 1, 8, 3, 22, '1550731850', '1550731850'),
(2169, 33, 11, 1, 1, 3, 23, '1550731850', '1550731850'),
(2170, 33, 11, 1, 2, 3, 23, '1550731850', '1550731850'),
(2171, 33, 11, 1, 3, 3, 23, '1550731850', '1550731850'),
(2172, 33, 11, 1, 4, 3, 23, '1550731850', '1550731850'),
(2173, 33, 11, 1, 5, 3, 23, '1550731850', '1550731850'),
(2174, 33, 11, 1, 6, 3, 23, '1550731850', '1550731850'),
(2175, 33, 11, 1, 7, 3, 23, '1550731850', '1550731850'),
(2176, 33, 11, 1, 8, 3, 23, '1550731850', '1550731850'),
(2177, 33, 11, 1, 1, 3, 24, '1550731850', '1550731850'),
(2178, 33, 11, 1, 2, 3, 24, '1550731851', '1550731851'),
(2179, 33, 11, 1, 3, 2, 24, '1550731851', '1550731851'),
(2180, 33, 11, 1, 4, 3, 24, '1550731851', '1550731851'),
(2181, 33, 11, 1, 5, 3, 24, '1550731851', '1550731851'),
(2182, 33, 11, 1, 6, 3, 24, '1550731851', '1550731851'),
(2183, 33, 11, 1, 7, 3, 24, '1550731851', '1550731851'),
(2184, 33, 11, 1, 8, 3, 24, '1550731851', '1550731851'),
(2185, 33, 11, 1, 1, 3, 25, '1550731851', '1550731851'),
(2186, 33, 11, 1, 2, 3, 25, '1550731851', '1550731851'),
(2187, 33, 11, 1, 3, 2, 25, '1550731851', '1550731851'),
(2188, 33, 11, 1, 4, 2, 25, '1550731851', '1550731851'),
(2189, 33, 11, 1, 5, 2, 25, '1550731851', '1550731851'),
(2190, 33, 11, 1, 6, 2, 25, '1550731851', '1550731851'),
(2191, 33, 11, 1, 7, 2, 25, '1550731851', '1550731851'),
(2192, 33, 11, 1, 8, 3, 25, '1550731851', '1550731851'),
(2193, 33, 11, 1, 1, 3, 26, '1550731851', '1550731851'),
(2194, 33, 11, 1, 2, 2, 26, '1550731851', '1550731851'),
(2195, 33, 11, 1, 3, 2, 26, '1550731851', '1550731851'),
(2196, 33, 11, 1, 4, 2, 26, '1550731851', '1550731851'),
(2197, 33, 11, 1, 5, 2, 26, '1550731851', '1550731851'),
(2198, 33, 11, 1, 6, 2, 26, '1550731851', '1550731851'),
(2199, 33, 11, 1, 7, 2, 26, '1550731851', '1550731851'),
(2200, 33, 11, 1, 8, 2, 26, '1550731851', '1550731851'),
(2201, 33, 11, 2, 9, 3, NULL, '1550731851', '1550731851'),
(2202, 33, 11, 2, 10, 3, NULL, '1550731851', '1550731851'),
(2203, 33, 11, 2, 11, 3, NULL, '1550731851', '1550731851'),
(2204, 33, 11, 2, 12, 3, NULL, '1550731851', '1550731851'),
(2205, 33, 11, 2, 13, 3, NULL, '1550731851', '1550731851'),
(2206, 33, 11, 3, 14, 2, NULL, '1550731851', '1550731851'),
(2207, 33, 11, 3, 15, 2, NULL, '1550731852', '1550731852'),
(2208, 33, 11, 3, 16, 47, NULL, '1550731852', '1550731852'),
(2209, 33, 11, 3, 17, 50, NULL, '1550731852', '1550731852'),
(2210, 33, 11, 3, 18, 2, NULL, '1550731852', '1550731852'),
(2211, 33, 11, 3, 19, 2, NULL, '1550731852', '1550731852'),
(2212, 33, 11, 3, 20, 2, NULL, '1550731852', '1550731852'),
(2213, 33, 11, 3, 21, 2, NULL, '1550731852', '1550731852'),
(2214, 33, 11, 3, 22, 2, NULL, '1550731852', '1550731852'),
(2215, 33, 11, 3, 23, 2, NULL, '1550731852', '1550731852'),
(2216, 33, 11, 4, 24, 2, NULL, '1550731852', '1550731852'),
(2217, 33, 11, 4, 25, 2, NULL, '1550731852', '1550731852'),
(2218, 33, 11, 4, 26, 2, NULL, '1550731852', '1550731852'),
(2219, 33, 11, 4, 27, 2, NULL, '1550731852', '1550731852'),
(2220, 33, 11, 4, 28, 2, NULL, '1550731852', '1550731852'),
(2221, 33, 11, 5, 29, 1, NULL, '1550731852', '1550731852'),
(2222, 33, 11, 5, 30, 1, NULL, '1550731852', '1550731852'),
(2223, 33, 11, 5, 31, 1, NULL, '1550731852', '1550731852'),
(2224, 33, 11, 5, 32, 1, NULL, '1550731852', '1550731852'),
(2225, 33, 11, 5, 33, 1, NULL, '1550731852', '1550731852'),
(2226, 33, 11, 6, 34, 45, NULL, '1550731852', '1550731852'),
(2227, 33, 11, 6, 35, 60, NULL, '1550731852', '1550731852'),
(2228, 34, 11, 1, 1, 4, 20, '1550731927', '1550731927'),
(2229, 34, 11, 1, 2, 4, 20, '1550731927', '1550731927'),
(2230, 34, 11, 1, 3, 4, 20, '1550731927', '1550731927'),
(2231, 34, 11, 1, 4, 4, 20, '1550731927', '1550731927'),
(2232, 34, 11, 1, 5, 4, 20, '1550731927', '1550731927'),
(2233, 34, 11, 1, 6, 4, 20, '1550731927', '1550731927'),
(2234, 34, 11, 1, 7, 4, 20, '1550731927', '1550731927'),
(2235, 34, 11, 1, 8, 4, 20, '1550731927', '1550731927'),
(2236, 34, 11, 1, 1, 4, 21, '1550731927', '1550731927'),
(2237, 34, 11, 1, 2, 4, 21, '1550731927', '1550731927'),
(2238, 34, 11, 1, 3, 4, 21, '1550731927', '1550731927'),
(2239, 34, 11, 1, 4, 4, 21, '1550731927', '1550731927'),
(2240, 34, 11, 1, 5, 4, 21, '1550731927', '1550731927'),
(2241, 34, 11, 1, 6, 4, 21, '1550731927', '1550731927'),
(2242, 34, 11, 1, 7, 4, 21, '1550731927', '1550731927'),
(2243, 34, 11, 1, 8, 4, 21, '1550731927', '1550731927'),
(2244, 34, 11, 1, 1, 4, 22, '1550731927', '1550731927'),
(2245, 34, 11, 1, 2, 4, 22, '1550731927', '1550731927'),
(2246, 34, 11, 1, 3, 4, 22, '1550731927', '1550731927'),
(2247, 34, 11, 1, 4, 4, 22, '1550731927', '1550731927'),
(2248, 34, 11, 1, 5, 4, 22, '1550731927', '1550731927'),
(2249, 34, 11, 1, 6, 4, 22, '1550731927', '1550731927'),
(2250, 34, 11, 1, 7, 4, 22, '1550731927', '1550731927'),
(2251, 34, 11, 1, 8, 4, 22, '1550731927', '1550731927'),
(2252, 34, 11, 1, 1, 4, 23, '1550731927', '1550731927'),
(2253, 34, 11, 1, 2, 4, 23, '1550731927', '1550731927'),
(2254, 34, 11, 1, 3, 4, 23, '1550731928', '1550731928'),
(2255, 34, 11, 1, 4, 4, 23, '1550731928', '1550731928'),
(2256, 34, 11, 1, 5, 4, 23, '1550731928', '1550731928'),
(2257, 34, 11, 1, 6, 4, 23, '1550731928', '1550731928'),
(2258, 34, 11, 1, 7, 4, 23, '1550731928', '1550731928'),
(2259, 34, 11, 1, 8, 4, 23, '1550731928', '1550731928'),
(2260, 34, 11, 1, 1, 4, 24, '1550731928', '1550731928'),
(2261, 34, 11, 1, 2, 4, 24, '1550731928', '1550731928'),
(2262, 34, 11, 1, 3, 4, 24, '1550731928', '1550731928'),
(2263, 34, 11, 1, 4, 4, 24, '1550731928', '1550731928'),
(2264, 34, 11, 1, 5, 4, 24, '1550731928', '1550731928'),
(2265, 34, 11, 1, 6, 4, 24, '1550731928', '1550731928'),
(2266, 34, 11, 1, 7, 4, 24, '1550731928', '1550731928'),
(2267, 34, 11, 1, 8, 4, 24, '1550731928', '1550731928'),
(2268, 34, 11, 1, 1, 2, 25, '1550731928', '1550731928'),
(2269, 34, 11, 1, 2, 2, 25, '1550731928', '1550731928'),
(2270, 34, 11, 1, 3, 2, 25, '1550731928', '1550731928'),
(2271, 34, 11, 1, 4, 2, 25, '1550731928', '1550731928'),
(2272, 34, 11, 1, 5, 2, 25, '1550731928', '1550731928'),
(2273, 34, 11, 1, 6, 2, 25, '1550731928', '1550731928'),
(2274, 34, 11, 1, 7, 2, 25, '1550731928', '1550731928'),
(2275, 34, 11, 1, 8, 2, 25, '1550731928', '1550731928'),
(2276, 34, 11, 1, 1, 2, 26, '1550731928', '1550731928'),
(2277, 34, 11, 1, 2, 2, 26, '1550731928', '1550731928'),
(2278, 34, 11, 1, 3, 2, 26, '1550731928', '1550731928'),
(2279, 34, 11, 1, 4, 2, 26, '1550731928', '1550731928'),
(2280, 34, 11, 1, 5, 2, 26, '1550731928', '1550731928'),
(2281, 34, 11, 1, 6, 2, 26, '1550731928', '1550731928'),
(2282, 34, 11, 1, 7, 2, 26, '1550731928', '1550731928'),
(2283, 34, 11, 1, 8, 2, 26, '1550731929', '1550731929'),
(2284, 34, 11, 2, 9, 3, NULL, '1550731929', '1550731929'),
(2285, 34, 11, 2, 10, 3, NULL, '1550731929', '1550731929'),
(2286, 34, 11, 2, 11, 3, NULL, '1550731929', '1550731929'),
(2287, 34, 11, 2, 12, 3, NULL, '1550731929', '1550731929'),
(2288, 34, 11, 2, 13, 3, NULL, '1550731929', '1550731929'),
(2289, 34, 11, 3, 14, 2, NULL, '1550731929', '1550731929'),
(2290, 34, 11, 3, 15, 2, NULL, '1550731929', '1550731929'),
(2291, 34, 11, 3, 16, 47, NULL, '1550731929', '1550731929'),
(2292, 34, 11, 3, 17, 50, NULL, '1550731929', '1550731929'),
(2293, 34, 11, 3, 18, 2, NULL, '1550731929', '1550731929'),
(2294, 34, 11, 3, 19, 2, NULL, '1550731929', '1550731929'),
(2295, 34, 11, 3, 20, 2, NULL, '1550731929', '1550731929'),
(2296, 34, 11, 3, 21, 2, NULL, '1550731929', '1550731929'),
(2297, 34, 11, 3, 22, 2, NULL, '1550731929', '1550731929'),
(2298, 34, 11, 3, 23, 2, NULL, '1550731929', '1550731929'),
(2299, 34, 11, 4, 24, 2, NULL, '1550731929', '1550731929'),
(2300, 34, 11, 4, 25, 2, NULL, '1550731929', '1550731929'),
(2301, 34, 11, 4, 26, 2, NULL, '1550731929', '1550731929'),
(2302, 34, 11, 4, 27, 2, NULL, '1550731929', '1550731929'),
(2303, 34, 11, 4, 28, 2, NULL, '1550731929', '1550731929'),
(2304, 34, 11, 5, 29, 4, NULL, '1550731929', '1550731929'),
(2305, 34, 11, 5, 30, 4, NULL, '1550731929', '1550731929'),
(2306, 34, 11, 5, 31, 4, NULL, '1550731929', '1550731929'),
(2307, 34, 11, 5, 32, 4, NULL, '1550731929', '1550731929'),
(2308, 34, 11, 5, 33, 4, NULL, '1550731930', '1550731930'),
(2309, 34, 11, 6, 34, 45, NULL, '1550731930', '1550731930'),
(2310, 34, 11, 6, 35, 60, NULL, '1550731930', '1550731930');

-- --------------------------------------------------------

--
-- Table structure for table `class_master`
--

DROP TABLE IF EXISTS `class_master`;
CREATE TABLE IF NOT EXISTS `class_master` (
  `class_id` int(11) NOT NULL AUTO_INCREMENT COMMENT 'class_id by college',
  `class_name` varchar(255) DEFAULT NULL COMMENT 'class_name',
  `dept_id` int(11) DEFAULT NULL COMMENT 'dept_id from department_master',
  `created_at` varchar(255) DEFAULT NULL,
  `updated_at` varchar(255) DEFAULT NULL,
  PRIMARY KEY (`class_id`),
  KEY `dept_id` (`dept_id`)
) ENGINE=InnoDB AUTO_INCREMENT=34 DEFAULT CHARSET=utf8 COMMENT='Class Master Table';

--
-- Dumping data for table `class_master`
--

INSERT INTO `class_master` (`class_id`, `class_name`, `dept_id`, `created_at`, `updated_at`) VALUES
(1, 'FY BA', 1, '1532750974', '1532750974'),
(2, 'SY BA', 1, '1532750987', '1532750987'),
(3, 'TY BA', 1, '1532751065', '1532751065'),
(4, 'FY B.Com', 2, '1532751127', '1532751142'),
(5, 'SY B.Com', 2, '1532751180', '1532751180'),
(6, 'TY B.Com', 2, '1532751241', '1532751241'),
(7, 'FY BBA', 3, '1532751279', '1532751279'),
(8, 'SY BBA', 3, '1532751294', '1532751294'),
(9, 'TY BBA', 3, '1532751310', '1532751310'),
(10, 'FY BCA', 4, '1532751347', '1532751347'),
(11, 'SY BCA', 4, '1532751448', '1532751448'),
(12, 'TY BCA', 4, '1532751512', '1532751512'),
(13, 'FY Bsc A (Maths)', 5, '1532752394', '1532752394'),
(14, 'SY Bsc A (Maths)', 5, '1532752527', '1532752527'),
(15, 'TY Bsc A (Maths)', 5, '1532752588', '1532752588'),
(16, 'FY Bsc B (BT)', 6, '1532752665', '1532752665'),
(17, 'SY Bsc B (BT)', 6, '1532752688', '1532752688'),
(18, 'TY Bsc B (BT)', 6, '1532752716', '1532752716'),
(19, 'FY Bsc B (BI)', 7, '1532752776', '1532752776'),
(20, 'SY Bsc B (BI)', 7, '1532752796', '1532752796'),
(21, 'TY Bsc B (BI)', 7, '1532752839', '1532752839'),
(22, 'FY Bsc B (Chemistry)', 8, '1532764044', '1532764044'),
(23, 'SY Bsc B (Chemistry)', 8, '1532764092', '1532764092'),
(24, 'TY Bsc B (Chemistry)', 8, '1532764126', '1532764126'),
(25, 'FY Bsc B (Biology)', 9, '1532764208', '1532764208'),
(26, 'SY Bsc B (Biology)', 9, '1532764301', '1532764301'),
(27, 'TY Bsc B (Biology)', 9, '1532764351', '1532764351'),
(28, 'FY Bsc B (Micro)', 10, '1532764405', '1532764405'),
(29, 'SY Bsc B (Micro)', 10, '1532764427', '1532764427'),
(30, 'TY Bsc B (Micro)', 10, '1532764456', '1532764456'),
(31, 'FY Bsc A (Physics)', 11, '1532764502', '1532764502'),
(32, 'SY Bsc A (Physics)', 11, '1532764548', '1532764548'),
(33, 'TY Bsc A (Physics)', 11, '1532764570', '1532764570');

-- --------------------------------------------------------

--
-- Table structure for table `criteria_master`
--

DROP TABLE IF EXISTS `criteria_master`;
CREATE TABLE IF NOT EXISTS `criteria_master` (
  `criteria_id` int(11) NOT NULL AUTO_INCREMENT,
  `section_id` int(11) NOT NULL COMMENT 'section_id from section_master',
  `criteria_name` varchar(255) DEFAULT NULL,
  `type_data` int(1) NOT NULL DEFAULT '0' COMMENT '0=simple,1=radio',
  `created_at` varchar(255) DEFAULT NULL,
  `updated_at` varchar(255) DEFAULT NULL,
  PRIMARY KEY (`criteria_id`),
  KEY `section_id` (`section_id`)
) ENGINE=InnoDB AUTO_INCREMENT=36 DEFAULT CHARSET=utf8 COMMENT='Criteria Master Table';

--
-- Dumping data for table `criteria_master`
--

INSERT INTO `criteria_master` (`criteria_id`, `section_id`, `criteria_name`, `type_data`, `created_at`, `updated_at`) VALUES
(1, 1, 'Subject Knowlege', 0, '1528878417', '1530078002'),
(2, 1, 'Prepardness', 0, '1528878432', '1528878432'),
(3, 1, 'Regularity', 0, '1528878503', '1528878503'),
(4, 1, 'Fluency in English', 0, '1528878526', '1528878526'),
(5, 1, 'Starts class in time', 0, '1528878541', '1528878541'),
(6, 1, 'Relationship with Students', 0, '1528878562', '1528878562'),
(7, 1, 'Class Disicpline', 0, '1528878575', '1528878644'),
(8, 1, 'Periodic Class Test', 0, '1528878599', '1528878599'),
(9, 2, 'Class Rooms', 0, '1528878687', '1528878687'),
(10, 2, 'Laboratories', 0, '1528878715', '1530887366'),
(11, 2, 'Cleanliness Of College Campus', 0, '1528878751', '1528878816'),
(12, 2, 'Urinals', 0, '1528878763', '1528878763'),
(13, 2, 'Parking Facility', 0, '1528878784', '1528878784'),
(14, 3, 'Reception', 0, '1528878838', '1528878838'),
(15, 3, 'First Aid', 0, '1528878851', '1528878851'),
(16, 3, 'Do You Read Notice Board?', 1, '1528878875', '1529739198'),
(17, 3, 'Frequency Of Office Visit', 1, '1528878913', '1529739257'),
(18, 3, 'Overall', 0, '1528878954', '1528878954'),
(19, 3, 'Bonafide', 0, '1528878967', '1528878967'),
(20, 3, 'Admission', 0, '1528878976', '1528878976'),
(21, 3, 'ID Card', 0, '1528878984', '1528878984'),
(22, 3, 'Enrolment', 0, '1528879000', '1528879000'),
(23, 3, 'Uni Exam Forms', 0, '1528879015', '1528879027'),
(24, 4, 'Cooperation Of Library Staff ?', 0, '1528879081', '1528879081'),
(25, 4, 'BOOKS AND REFERENCES', 0, '1528879142', '1528879142'),
(26, 4, 'CDS', 0, '1528879151', '1528879151'),
(27, 4, 'MAGAZINES', 0, '1528879165', '1528879165'),
(28, 4, 'QUESTION PAPER', 0, '1528879175', '1528879175'),
(29, 5, 'Quality Of Food Available', 0, '1528879216', '1528879216'),
(30, 5, 'Cleanliness Of Canteen', 0, '1528879246', '1528879246'),
(31, 5, 'Cleanliness Of Surrounding Area', 0, '1528879269', '1528879269'),
(32, 5, 'Variety Of Food Available', 0, '1528879291', '1528879291'),
(33, 5, 'Pricing Of Food', 0, '1528879313', '1528879313'),
(34, 6, 'Are You a Member Of Sports club ?', 1, '1528879352', '1529739138'),
(35, 6, 'Which Sports Facility Need Importance ?', 1, '1528879403', '1529740828');

-- --------------------------------------------------------

--
-- Table structure for table `department_master`
--

DROP TABLE IF EXISTS `department_master`;
CREATE TABLE IF NOT EXISTS `department_master` (
  `dept_id` int(11) NOT NULL AUTO_INCREMENT COMMENT 'dept_id',
  `dept_name` varchar(255) DEFAULT NULL COMMENT 'dept name',
  `created_at` varchar(255) DEFAULT NULL,
  `updated_at` varchar(255) DEFAULT NULL,
  PRIMARY KEY (`dept_id`)
) ENGINE=InnoDB AUTO_INCREMENT=13 DEFAULT CHARSET=utf8 COMMENT='Department Master Table';

--
-- Dumping data for table `department_master`
--

INSERT INTO `department_master` (`dept_id`, `dept_name`, `created_at`, `updated_at`) VALUES
(0, 'No Department', NULL, NULL),
(1, 'English', '1532750715', '1532750715'),
(2, 'Commerce', '1532750731', '1532750731'),
(3, 'Business Administration', '1532750748', '1532750748'),
(4, 'Computer Application', '1532750768', '1532750768'),
(5, 'Mathematics & Statistics', '1532750789', '1532750789'),
(6, 'Biotechnology', '1532750806', '1532750806'),
(7, 'BioInformatics', '1532750822', '1532750822'),
(8, 'Chemistry', '1532750841', '1532750841'),
(9, 'Biology', '1532750851', '1532750851'),
(10, 'Microbiology', '1532750863', '1532750863'),
(11, 'Physics', '1532750880', '1532750880'),
(12, 'Physical Education', '1532750928', '1532750928');

-- --------------------------------------------------------

--
-- Table structure for table `employee_allocation`
--

DROP TABLE IF EXISTS `employee_allocation`;
CREATE TABLE IF NOT EXISTS `employee_allocation` (
  `employee_allocation_id` int(11) NOT NULL AUTO_INCREMENT COMMENT 'row id emloyee_allocation master',
  `class_id` int(11) NOT NULL COMMENT 'class id from class master',
  `emp_code` int(11) NOT NULL,
  `is_optional` tinyint(1) NOT NULL DEFAULT '0',
  `created_at` varchar(255) DEFAULT NULL,
  `updated_at` varchar(255) DEFAULT NULL,
  PRIMARY KEY (`employee_allocation_id`),
  KEY `class_emplyoee_allocation` (`class_id`),
  KEY `employee_employee_allocation` (`emp_code`)
) ENGINE=InnoDB AUTO_INCREMENT=142 DEFAULT CHARSET=utf8 COMMENT='emloyee_allocation master';

--
-- Dumping data for table `employee_allocation`
--

INSERT INTO `employee_allocation` (`employee_allocation_id`, `class_id`, `emp_code`, `is_optional`, `created_at`, `updated_at`) VALUES
(7, 4, 9, 0, NULL, NULL),
(8, 4, 10, 0, NULL, NULL),
(9, 4, 12, 0, NULL, NULL),
(10, 4, 14, 0, NULL, NULL),
(11, 1, 1, 0, NULL, NULL),
(12, 1, 2, 0, NULL, NULL),
(13, 1, 3, 0, NULL, NULL),
(14, 1, 6, 0, NULL, NULL),
(15, 1, 7, 0, NULL, NULL),
(16, 7, 16, 0, NULL, NULL),
(17, 7, 17, 0, NULL, NULL),
(18, 7, 18, 0, NULL, NULL),
(19, 7, 19, 0, NULL, NULL),
(20, 10, 20, 0, NULL, NULL),
(21, 10, 21, 0, NULL, NULL),
(22, 10, 22, 0, NULL, NULL),
(23, 10, 25, 0, NULL, NULL),
(24, 13, 1, 0, NULL, NULL),
(25, 13, 29, 0, NULL, NULL),
(26, 13, 30, 0, NULL, NULL),
(27, 13, 31, 0, NULL, NULL),
(28, 31, 53, 1, NULL, '1533994758'),
(29, 31, 54, 0, NULL, NULL),
(30, 31, 55, 0, NULL, NULL),
(31, 31, 56, 0, NULL, NULL),
(32, 19, 35, 0, NULL, NULL),
(33, 19, 36, 0, NULL, NULL),
(34, 19, 37, 0, NULL, NULL),
(35, 25, 45, 0, NULL, NULL),
(36, 25, 46, 0, NULL, NULL),
(37, 16, 32, 0, NULL, NULL),
(38, 16, 33, 0, NULL, NULL),
(39, 16, 34, 0, NULL, NULL),
(40, 22, 38, 0, NULL, NULL),
(41, 22, 39, 0, NULL, NULL),
(42, 22, 40, 0, NULL, NULL),
(43, 22, 41, 0, NULL, NULL),
(44, 22, 42, 0, NULL, NULL),
(45, 22, 43, 0, NULL, NULL),
(46, 22, 44, 0, NULL, NULL),
(47, 28, 47, 0, NULL, NULL),
(48, 28, 48, 0, NULL, NULL),
(49, 28, 49, 0, NULL, NULL),
(50, 28, 50, 0, NULL, NULL),
(51, 28, 51, 0, NULL, NULL),
(52, 28, 52, 0, NULL, NULL),
(53, 5, 9, 0, NULL, NULL),
(54, 5, 10, 0, NULL, NULL),
(55, 5, 11, 0, NULL, NULL),
(56, 5, 12, 0, NULL, NULL),
(57, 5, 13, 0, NULL, NULL),
(58, 5, 14, 0, NULL, NULL),
(59, 2, 1, 0, NULL, NULL),
(60, 2, 2, 0, NULL, NULL),
(61, 2, 3, 0, NULL, NULL),
(62, 2, 4, 0, NULL, NULL),
(63, 2, 5, 0, NULL, NULL),
(64, 2, 6, 0, NULL, NULL),
(65, 2, 7, 0, NULL, NULL),
(66, 2, 8, 0, NULL, NULL),
(67, 8, 15, 0, NULL, NULL),
(68, 8, 16, 0, NULL, NULL),
(69, 8, 17, 0, NULL, NULL),
(70, 8, 18, 0, NULL, NULL),
(71, 8, 19, 0, NULL, NULL),
(72, 11, 20, 0, NULL, NULL),
(73, 11, 21, 0, NULL, NULL),
(74, 11, 22, 0, NULL, NULL),
(75, 11, 23, 0, NULL, NULL),
(76, 11, 24, 0, NULL, NULL),
(77, 11, 25, 0, NULL, NULL),
(78, 11, 26, 0, NULL, NULL),
(79, 14, 27, 0, NULL, NULL),
(80, 14, 28, 0, NULL, NULL),
(81, 14, 29, 0, NULL, NULL),
(82, 14, 30, 0, NULL, NULL),
(83, 14, 31, 0, NULL, NULL),
(84, 32, 53, 0, NULL, NULL),
(85, 32, 54, 0, NULL, NULL),
(86, 32, 55, 0, NULL, NULL),
(87, 32, 56, 0, NULL, NULL),
(88, 20, 35, 0, NULL, NULL),
(89, 20, 36, 0, NULL, NULL),
(90, 20, 37, 0, NULL, NULL),
(91, 26, 45, 0, NULL, NULL),
(92, 26, 46, 0, NULL, NULL),
(93, 17, 32, 0, NULL, NULL),
(94, 17, 33, 0, NULL, NULL),
(95, 17, 34, 0, NULL, NULL),
(96, 23, 38, 0, NULL, NULL),
(97, 23, 42, 0, NULL, NULL),
(98, 23, 43, 0, NULL, NULL),
(99, 23, 44, 0, NULL, NULL),
(100, 29, 47, 0, NULL, NULL),
(101, 29, 48, 0, NULL, NULL),
(102, 29, 49, 0, NULL, NULL),
(103, 29, 51, 0, NULL, NULL),
(104, 29, 52, 0, NULL, NULL),
(105, 6, 9, 0, NULL, NULL),
(106, 6, 10, 0, NULL, NULL),
(107, 6, 11, 0, NULL, NULL),
(108, 6, 13, 0, NULL, NULL),
(109, 6, 14, 0, NULL, NULL),
(110, 3, 1, 0, NULL, NULL),
(111, 3, 2, 0, NULL, NULL),
(112, 3, 3, 0, NULL, NULL),
(113, 3, 7, 0, NULL, NULL),
(114, 9, 15, 0, NULL, NULL),
(115, 9, 16, 0, NULL, NULL),
(116, 9, 18, 0, NULL, NULL),
(117, 9, 19, 0, NULL, NULL),
(118, 12, 23, 0, NULL, NULL),
(119, 12, 24, 0, NULL, NULL),
(120, 12, 25, 0, NULL, NULL),
(121, 12, 26, 0, NULL, NULL),
(122, 15, 27, 0, NULL, NULL),
(123, 15, 29, 0, NULL, NULL),
(124, 15, 31, 0, NULL, NULL),
(125, 33, 53, 0, NULL, NULL),
(126, 33, 55, 0, NULL, NULL),
(127, 33, 56, 0, NULL, NULL),
(128, 21, 35, 0, NULL, NULL),
(129, 21, 36, 0, NULL, NULL),
(130, 21, 37, 0, NULL, NULL),
(131, 27, 45, 0, NULL, NULL),
(132, 27, 46, 0, NULL, NULL),
(133, 24, 38, 0, NULL, NULL),
(134, 24, 40, 0, NULL, NULL),
(135, 24, 44, 0, NULL, NULL),
(136, 30, 47, 0, NULL, NULL),
(137, 30, 50, 0, NULL, NULL),
(138, 30, 52, 0, NULL, NULL),
(139, 18, 32, 0, NULL, NULL),
(140, 18, 33, 0, NULL, NULL),
(141, 18, 34, 0, NULL, NULL);

-- --------------------------------------------------------

--
-- Table structure for table `employee_master`
--

DROP TABLE IF EXISTS `employee_master`;
CREATE TABLE IF NOT EXISTS `employee_master` (
  `emp_code` int(11) NOT NULL AUTO_INCREMENT COMMENT 'employee unique id from college',
  `emp_name` varchar(255) DEFAULT NULL,
  `emp_phone` varchar(15) DEFAULT NULL COMMENT 'employee phone',
  `emp_email` varchar(255) DEFAULT NULL COMMENT 'employee table email',
  `dept_id` int(11) DEFAULT '0' COMMENT 'dept id from department_master',
  `emp_image` varchar(255) DEFAULT NULL,
  `created_at` varchar(255) DEFAULT NULL,
  `updated_at` varchar(255) DEFAULT NULL,
  PRIMARY KEY (`emp_code`),
  UNIQUE KEY `emp_email` (`emp_email`),
  KEY `deparmtent id link` (`dept_id`)
) ENGINE=InnoDB AUTO_INCREMENT=58 DEFAULT CHARSET=utf8 COMMENT='Emplyoees Master table';

--
-- Dumping data for table `employee_master`
--

INSERT INTO `employee_master` (`emp_code`, `emp_name`, `emp_phone`, `emp_email`, `dept_id`, `emp_image`, `created_at`, `updated_at`) VALUES
(1, 'Dr. Tisha Roy', '7896547895', 'tisharoy@gmail.com', 1, NULL, '1532765063', '1532765113'),
(2, 'Sr Alphonsa SdP', '9586589568', 'alphonsa@gmail.com', 1, NULL, '1532765186', '1532765240'),
(3, 'Mr Robin Thomas', '7856598657', 'robin@gmailcom', 1, NULL, '1532765334', '1532765403'),
(4, 'Sr.Mary A.O.DP', '9568569856', 'mary@gmail.com', 1, NULL, '1532765492', '1532765492'),
(5, 'Mr. Hardik udeshi', '9876544895', 'hardik@gmail.com', 1, NULL, '1532974169', '1532974169'),
(6, 'Ms. Sony Zala', '7894566598', 'sony@gmail.com', 1, NULL, '1532974223', '1532974223'),
(7, 'Ms. Bhavisha Vyas', '7856598569', 'bhavisha@gmail.com', 1, NULL, '1532974305', '1532974305'),
(8, 'Mr. Dharmesh Vaviya', '8569856985', 'dharmesh@gmail.com', 1, NULL, '1532974373', '1532974373'),
(9, 'Dr. Swati Doshi', '7856985656', 'swati@gmail.com', 2, NULL, '1532974448', '1532974448'),
(10, 'Mr. Gaurav Vora', '7856598567', 'gaurav@gmail.com', 2, NULL, '1532974521', '1532974521'),
(11, 'Dr. Daphhene Fernandes', '7589658978', 'daphnene@gmail.com', 2, NULL, '1532974588', '1532974588'),
(12, 'Ms Rashmi Pala', '8697412548', 'rashmi@gmail.com', 2, NULL, '1532974636', '1532974636'),
(13, 'Prof. N N Sheth', '7589412563', 'sheth@gmail.com', 2, NULL, '1532974733', '1532974733'),
(14, 'Ms. Supriya Raithatha', '8569856914', 'supriya@gmail.com', 2, NULL, '1532974799', '1532974799'),
(15, 'Fr. Benny Joseph', '9758647120', 'benny@gmail.com', 3, NULL, '1532974842', '1532974842'),
(16, 'Dr. Darshita Ganatra', '8510324796', 'darshita@gmail.com', 3, NULL, '1532974930', '1532974930'),
(17, 'Dr. Abhijitsinh Vala', '7410324569', 'vala@gmail.com', 3, NULL, '1532974980', '1532974980'),
(18, 'Ms Khushali Katira', '9641023658', 'khushali@gmail.com', 3, NULL, '1532975038', '1532975038'),
(19, 'Mr. Devang Mehta', '8451032479', 'devang@gmail.com', 3, NULL, '1532975085', '1532975085'),
(20, 'Dr. Shailendrasinh Jadeja', '7412302301', 'jadeja@gmail.com', 4, NULL, '1532975143', '1532975143'),
(21, 'Ms Jeba Praba John', '8520963074', 'jeba@gmail.com', 4, NULL, '1532975185', '1532975185'),
(22, 'Ms. Pintu Kumari Bera', '8547962130', 'pintu@gmail.com', 4, NULL, '1532975223', '1532975223'),
(23, 'Ms. Tosha Joshi', '8547236985', 'tosha@gmail.com', 4, NULL, '1532975265', '1532975265'),
(24, 'Dr. Sharon Mohtra', '8569742352', 'sharon@gmail.com', 4, NULL, '1532975318', '1532975318'),
(25, 'Mr. Prakash Khagram', '7458965862', 'prakash@gmail.com', 4, NULL, '1532975361', '1532975361'),
(26, 'Mr. Anand John', '8569321452', 'anand@gmail.com', 4, NULL, '1532975423', '1532975423'),
(27, 'Mr. Tripathi Jagrut', '7856985632', 'tripathi@gmail.com', 5, NULL, '1532975479', '1532975606'),
(28, 'Mr. Shares John ', '7548659653', 'shares@gmail.com', 5, NULL, '1532975523', '1532975592'),
(29, 'Mr. Vankani Kalpesh', '7456985230', 'vankani@gmail.com', 5, NULL, '1532975582', '1532975582'),
(30, 'Mr. Amin Kothari', '7418529632', 'amin@gmail.com', 5, NULL, '1532975661', '1532975661'),
(31, 'Mr. Viral Virparia', '8523641203', 'viral@gmail.com', 5, NULL, '1532975713', '1532975713'),
(32, 'Dr. Charmi Kothari', '9658452365', 'charmi@gmail.com', 6, NULL, '1532975782', '1532975782'),
(33, 'Dr. Padma Ambalam', '8569856232', 'padma@gmail.com', 6, NULL, '1532975824', '1532975824'),
(34, 'Mr. Priyank Patel', '8523698564', 'priyank@gmail.com', 6, NULL, '1532975880', '1532975880'),
(35, 'Dr. John J George', '7456321458', 'john@gmail.com', 7, NULL, '1532975951', '1532975951'),
(36, 'Ms. Shivani Raval', '7412589635', 'shivani@gmail.com', 7, NULL, '1532975988', '1532975988'),
(37, 'Ms. Rutvi Chovatiya', '9658965475', 'rutvi@gmail.com', 7, NULL, '1532976027', '1532976027'),
(38, 'Dr. Younne Fernandes', '9456325852', 'younne@gmail.com', 8, NULL, '1532976109', '1532976109'),
(39, 'Dr. Sushmita Ganguly', '9658654123', 'sushmina@gmail.com', 8, NULL, '1532976157', '1532976157'),
(40, 'Dr. Abhay Bavishi', '7456325896', 'abhay@gmail.com', 8, NULL, '1532976214', '1532976214'),
(41, 'Dr. Shailesh Thakrar', '8412365230', 'shailesh@gmail.com', 8, NULL, '1532976308', '1532976308'),
(42, 'Ms. Shruti Saija', '9563214203', 'shruti@gmail.com', 8, NULL, '1532976372', '1532976372'),
(43, 'Dr. Pooja Parsania', '9621452387', 'pooja@gmail.com', 8, NULL, '1532976453', '1532976453'),
(44, 'Mr. Divyesh Boda', '7569845632', 'divyesh@gmail.com', 8, NULL, '1532976501', '1532976501'),
(45, 'Dr. Jignasa Joshi', '8569325632', 'jignasa@gmail.com', 9, NULL, '1532976602', '1532976602'),
(46, 'Dr. Shabanam Saiyad', '7569856325', 'shabnam@gmail.com', 9, NULL, '1532976678', '1532976678'),
(47, 'Mr. Usmangani Tabani', '8569325637', 'usmangani@gmail.com', 10, NULL, '1532976781', '1532976781'),
(48, 'Ms Neha Jangbari', '7458745896', 'neha@gmail.com', 10, NULL, '1532976836', '1532976836'),
(49, 'Dr. Sheetal Pithva', '7866320123', 'sheetal@gmail.com', 10, NULL, '1532976894', '1532976894'),
(50, 'Dr. Archana Rana', '7456325224', 'archana@gmail.com', 10, NULL, '1532977010', '1532977010'),
(51, 'Mr. Divyarajsinh Jadeja', '7411223366', 'divyaraj@gmail.com', 10, NULL, '1532977085', '1532977085'),
(52, 'Ms. Purna Dwivedi', '8523698556', 'purna@gmail.com', 10, NULL, '1532977181', '1532977181'),
(53, 'Dr. Arvindakshan P', '8563255522', 'arvind@gmail.com', 11, NULL, '1532977310', '1532977310'),
(54, 'Dr. Nimisha Vaidya', '7569856333', 'nimisha@gmail.com', 11, NULL, '1532977461', '1532977461'),
(55, 'Mr. Ashish Prasad', '9658659423', 'ashish@gmail.com', 11, NULL, '1532977511', '1532977511'),
(56, 'Ms, Dirgha Mankad', '7456985632', 'dirgha@gmail.com', 11, NULL, '1532977559', '1532977559'),
(57, 'Mr. Francis D\'souza', '7485965285', 'francis@gmail.com', 12, NULL, '1532977608', '1532977608');

-- --------------------------------------------------------

--
-- Table structure for table `entry_record`
--

DROP TABLE IF EXISTS `entry_record`;
CREATE TABLE IF NOT EXISTS `entry_record` (
  `entry_id` int(11) NOT NULL AUTO_INCREMENT,
  `class_id` int(11) NOT NULL,
  `created_at` int(11) NOT NULL,
  `updated_at` int(11) NOT NULL,
  PRIMARY KEY (`entry_id`),
  KEY `classid` (`class_id`)
) ENGINE=InnoDB AUTO_INCREMENT=35 DEFAULT CHARSET=utf8 COMMENT='counts total entry feedback';

--
-- Dumping data for table `entry_record`
--

INSERT INTO `entry_record` (`entry_id`, `class_id`, `created_at`, `updated_at`) VALUES
(1, 1, 1533135651, 1533135651),
(2, 1, 1533135826, 1533135826),
(3, 1, 1533135933, 1533135933),
(4, 2, 1533136268, 1533136268),
(5, 2, 1533136543, 1533136543),
(6, 2, 1533136556, 1533136556),
(7, 2, 1533136710, 1533136710),
(8, 3, 1533136869, 1533136869),
(9, 3, 1533137014, 1533137014),
(10, 4, 1533137143, 1533137143),
(11, 5, 1533137311, 1533137311),
(12, 5, 1533137504, 1533137504),
(13, 6, 1533139365, 1533139365),
(14, 6, 1533139742, 1533139742),
(15, 7, 1533139860, 1533139860),
(16, 7, 1533139992, 1533139992),
(17, 8, 1533140123, 1533140123),
(18, 9, 1533140272, 1533140272),
(19, 10, 1533140496, 1533140496),
(20, 10, 1533140721, 1533140721),
(21, 11, 1533206746, 1533206746),
(22, 11, 1533206890, 1533206890),
(23, 12, 1533207036, 1533207036),
(24, 12, 1533207285, 1533207285),
(25, 13, 1533207523, 1533207523),
(26, 13, 1533207728, 1533207728),
(27, 14, 1533207951, 1533207951),
(28, 15, 1533208114, 1533208114),
(29, 12, 1550731544, 1550731544),
(30, 12, 1550731646, 1550731646),
(31, 12, 1550731717, 1550731717),
(32, 12, 1550731775, 1550731775),
(33, 11, 1550731849, 1550731849),
(34, 11, 1550731927, 1550731927);

-- --------------------------------------------------------

--
-- Table structure for table `option_master`
--

DROP TABLE IF EXISTS `option_master`;
CREATE TABLE IF NOT EXISTS `option_master` (
  `option_id` int(11) NOT NULL AUTO_INCREMENT,
  `criteria_id` int(11) NOT NULL,
  `option_text` varchar(255) NOT NULL,
  `option_value` varchar(255) NOT NULL,
  `created_at` int(11) NOT NULL,
  `updated_at` int(11) NOT NULL,
  PRIMARY KEY (`option_id`),
  KEY `criteria_option_link` (`criteria_id`)
) ENGINE=InnoDB AUTO_INCREMENT=62 DEFAULT CHARSET=utf16 COMMENT='dynamic option for criteria';

--
-- Dumping data for table `option_master`
--

INSERT INTO `option_master` (`option_id`, `criteria_id`, `option_text`, `option_value`, `created_at`, `updated_at`) VALUES
(45, 34, 'Yes', 'Yes', 1529739137, 1529739137),
(46, 34, 'No', 'No', 1529739138, 1529739138),
(47, 16, 'Daily', 'Daily', 1529739198, 1529739198),
(48, 16, 'Twice a week', 'Twice a week', 1529739198, 1529739198),
(49, 16, 'Thrice a week', 'Thrice a week', 1529739198, 1529739198),
(50, 17, 'Daily', 'Daily', 1529739256, 1529739256),
(51, 17, 'Once a Week', 'Once a Week', 1529739257, 1529739257),
(52, 17, 'With Reference to Notice', 'With Reference to Notice', 1529739257, 1529739257),
(59, 35, 'volley Ball', 'volley Ball', 1529740828, 1529740828),
(60, 35, 'Basket Ball', 'Basket Ball', 1529740828, 1529740828),
(61, 35, 'Kabbadi', 'Kabbadi', 1529740828, 1529740828);

-- --------------------------------------------------------

--
-- Table structure for table `ranking`
--

DROP TABLE IF EXISTS `ranking`;
CREATE TABLE IF NOT EXISTS `ranking` (
  `rank_id` int(11) NOT NULL AUTO_INCREMENT,
  `rank_name` varchar(255) NOT NULL,
  `rank_value` int(11) NOT NULL,
  PRIMARY KEY (`rank_id`)
) ENGINE=InnoDB AUTO_INCREMENT=6 DEFAULT CHARSET=latin1;

--
-- Dumping data for table `ranking`
--

INSERT INTO `ranking` (`rank_id`, `rank_name`, `rank_value`) VALUES
(1, 'UNSATIFACTORY', 1),
(2, 'SATISFACTORY', 2),
(3, 'GOOD', 3),
(4, 'VERY GOOD', 4),
(5, 'EXCELLENT', 5);

-- --------------------------------------------------------

--
-- Table structure for table `remarks_master`
--

DROP TABLE IF EXISTS `remarks_master`;
CREATE TABLE IF NOT EXISTS `remarks_master` (
  `remark_id` int(11) NOT NULL AUTO_INCREMENT COMMENT 'row id for remarks_master',
  `entry_id` int(11) NOT NULL COMMENT 'entry_id from entry_record',
  `section_id` int(11) NOT NULL COMMENT 'section_id from section_master',
  `remarks` text NOT NULL COMMENT 'remarks',
  `created_at` int(11) NOT NULL,
  `updated_at` int(11) NOT NULL,
  PRIMARY KEY (`remark_id`),
  KEY `entry_id` (`entry_id`),
  KEY `section_id` (`section_id`)
) ENGINE=InnoDB AUTO_INCREMENT=205 DEFAULT CHARSET=utf8 COMMENT='remarks for all section';

--
-- Dumping data for table `remarks_master`
--

INSERT INTO `remarks_master` (`remark_id`, `entry_id`, `section_id`, `remarks`, `created_at`, `updated_at`) VALUES
(1, 1, 1, '', 1533135652, 1533135652),
(2, 1, 2, '', 1533135653, 1533135653),
(3, 1, 3, '', 1533135653, 1533135653),
(4, 1, 4, '', 1533135653, 1533135653),
(5, 1, 5, '2', 1533135654, 1533135654),
(6, 1, 6, '', 1533135654, 1533135654),
(7, 2, 1, '', 1533135828, 1533135828),
(8, 2, 2, '2', 1533135828, 1533135828),
(9, 2, 3, '', 1533135828, 1533135828),
(10, 2, 4, '', 1533135829, 1533135829),
(11, 2, 5, '', 1533135829, 1533135829),
(12, 2, 6, '', 1533135829, 1533135829),
(13, 3, 1, '', 1533135935, 1533135935),
(14, 3, 2, '', 1533135935, 1533135935),
(15, 3, 3, '', 1533135935, 1533135935),
(16, 3, 4, '', 1533135936, 1533135936),
(17, 3, 5, '2', 1533135936, 1533135936),
(18, 3, 6, '', 1533135936, 1533135936),
(19, 4, 1, '', 1533136272, 1533136272),
(20, 4, 2, '', 1533136272, 1533136272),
(21, 4, 3, '', 1533136273, 1533136273),
(22, 4, 4, '', 1533136273, 1533136273),
(23, 4, 5, '', 1533136273, 1533136273),
(24, 4, 6, '', 1533136274, 1533136274),
(25, 5, 1, '', 1533136545, 1533136545),
(26, 5, 2, '5', 1533136546, 1533136546),
(27, 5, 3, '3', 1533136546, 1533136546),
(28, 5, 4, '3\r\n', 1533136547, 1533136547),
(29, 5, 5, '2', 1533136547, 1533136547),
(30, 5, 6, '', 1533136547, 1533136547),
(31, 6, 1, '', 1533136559, 1533136559),
(32, 6, 2, '5', 1533136559, 1533136559),
(33, 6, 3, '3', 1533136560, 1533136560),
(34, 6, 4, '3\r\n', 1533136560, 1533136560),
(35, 6, 5, '2', 1533136560, 1533136560),
(36, 6, 6, '', 1533136560, 1533136560),
(37, 7, 1, '4', 1533136713, 1533136713),
(38, 7, 2, '3', 1533136713, 1533136713),
(39, 7, 3, '5', 1533136714, 1533136714),
(40, 7, 4, '5', 1533136714, 1533136714),
(41, 7, 5, '1', 1533136714, 1533136714),
(42, 7, 6, '', 1533136714, 1533136714),
(43, 8, 1, '2', 1533136871, 1533136871),
(44, 8, 2, '5', 1533136871, 1533136871),
(45, 8, 3, '4', 1533136872, 1533136872),
(46, 8, 4, '5', 1533136873, 1533136873),
(47, 8, 5, '5', 1533136873, 1533136873),
(48, 8, 6, '', 1533136874, 1533136874),
(49, 9, 1, '2', 1533137016, 1533137016),
(50, 9, 2, '5', 1533137016, 1533137016),
(51, 9, 3, '4', 1533137017, 1533137017),
(52, 9, 4, '5', 1533137017, 1533137017),
(53, 9, 5, '1', 1533137017, 1533137017),
(54, 9, 6, '', 1533137017, 1533137017),
(55, 10, 1, '5', 1533137145, 1533137145),
(56, 10, 2, '5', 1533137145, 1533137145),
(57, 10, 3, '5', 1533137146, 1533137146),
(58, 10, 4, '4', 1533137146, 1533137146),
(59, 10, 5, '4', 1533137146, 1533137146),
(60, 10, 6, '', 1533137146, 1533137146),
(61, 11, 1, '', 1533137314, 1533137314),
(62, 11, 2, '5', 1533137314, 1533137314),
(63, 11, 3, '5', 1533137314, 1533137314),
(64, 11, 4, '5', 1533137315, 1533137315),
(65, 11, 5, '2', 1533137315, 1533137315),
(66, 11, 6, '3', 1533137315, 1533137315),
(67, 12, 1, '4', 1533137506, 1533137506),
(68, 12, 2, '4', 1533137506, 1533137506),
(69, 12, 3, '3', 1533137506, 1533137506),
(70, 12, 4, '2', 1533137506, 1533137506),
(71, 12, 5, '5', 1533137507, 1533137507),
(72, 12, 6, '1', 1533137507, 1533137507),
(73, 13, 1, '', 1533139367, 1533139367),
(74, 13, 2, '', 1533139368, 1533139368),
(75, 13, 3, '', 1533139369, 1533139369),
(76, 13, 4, '', 1533139369, 1533139369),
(77, 13, 5, '4', 1533139369, 1533139369),
(78, 13, 6, '', 1533139369, 1533139369),
(79, 14, 1, '', 1533139744, 1533139744),
(80, 14, 2, '5', 1533139744, 1533139744),
(81, 14, 3, '', 1533139744, 1533139744),
(82, 14, 4, '', 1533139745, 1533139745),
(83, 14, 5, '5', 1533139745, 1533139745),
(84, 14, 6, '', 1533139745, 1533139745),
(85, 15, 1, '', 1533139861, 1533139861),
(86, 15, 2, '', 1533139861, 1533139861),
(87, 15, 3, '', 1533139862, 1533139862),
(88, 15, 4, '', 1533139862, 1533139862),
(89, 15, 5, '', 1533139862, 1533139862),
(90, 15, 6, '', 1533139862, 1533139862),
(91, 16, 1, '3', 1533139994, 1533139994),
(92, 16, 2, '', 1533139994, 1533139994),
(93, 16, 3, '', 1533139995, 1533139995),
(94, 16, 4, '', 1533139996, 1533139996),
(95, 16, 5, '3', 1533139996, 1533139996),
(96, 16, 6, '', 1533139997, 1533139997),
(97, 17, 1, '', 1533140125, 1533140125),
(98, 17, 2, '', 1533140126, 1533140126),
(99, 17, 3, '', 1533140126, 1533140126),
(100, 17, 4, '', 1533140127, 1533140127),
(101, 17, 5, '', 1533140127, 1533140127),
(102, 17, 6, '', 1533140127, 1533140127),
(103, 18, 1, '', 1533140274, 1533140274),
(104, 18, 2, '', 1533140274, 1533140274),
(105, 18, 3, '', 1533140275, 1533140275),
(106, 18, 4, '', 1533140275, 1533140275),
(107, 18, 5, '', 1533140275, 1533140275),
(108, 18, 6, '', 1533140275, 1533140275),
(109, 19, 1, '', 1533140498, 1533140498),
(110, 19, 2, '3', 1533140498, 1533140498),
(111, 19, 3, '', 1533140499, 1533140499),
(112, 19, 4, '', 1533140499, 1533140499),
(113, 19, 5, '', 1533140499, 1533140499),
(114, 19, 6, '', 1533140499, 1533140499),
(115, 20, 1, '1', 1533140722, 1533140722),
(116, 20, 2, '', 1533140722, 1533140722),
(117, 20, 3, '', 1533140723, 1533140723),
(118, 20, 4, '', 1533140723, 1533140723),
(119, 20, 5, '2', 1533140723, 1533140723),
(120, 20, 6, '', 1533140724, 1533140724),
(121, 21, 1, '', 1533206748, 1533206748),
(122, 21, 2, '', 1533206749, 1533206749),
(123, 21, 3, '', 1533206749, 1533206749),
(124, 21, 4, '', 1533206749, 1533206749),
(125, 21, 5, '', 1533206750, 1533206750),
(126, 21, 6, '', 1533206750, 1533206750),
(127, 22, 1, '5', 1533206893, 1533206893),
(128, 22, 2, '', 1533206893, 1533206893),
(129, 22, 3, '', 1533206894, 1533206894),
(130, 22, 4, '', 1533206894, 1533206894),
(131, 22, 5, '2', 1533206895, 1533206895),
(132, 22, 6, '', 1533206895, 1533206895),
(133, 23, 1, '2', 1533207037, 1533207037),
(134, 23, 2, '5', 1533207038, 1533207038),
(135, 23, 3, '', 1533207038, 1533207038),
(136, 23, 4, '2', 1533207039, 1533207039),
(137, 23, 5, '', 1533207039, 1533207039),
(138, 23, 6, '', 1533207039, 1533207039),
(139, 24, 1, '3', 1533207287, 1533207287),
(140, 24, 2, '4', 1533207287, 1533207287),
(141, 24, 3, '', 1533207288, 1533207288),
(142, 24, 4, '', 1533207288, 1533207288),
(143, 24, 5, '', 1533207289, 1533207289),
(144, 24, 6, '', 1533207289, 1533207289),
(145, 25, 1, '3', 1533207525, 1533207525),
(146, 25, 2, '2', 1533207526, 1533207526),
(147, 25, 3, '', 1533207527, 1533207527),
(148, 25, 4, '', 1533207527, 1533207527),
(149, 25, 5, '', 1533207527, 1533207527),
(150, 25, 6, '', 1533207528, 1533207528),
(151, 26, 1, '0', 1533207730, 1533207730),
(152, 26, 2, '', 1533207730, 1533207730),
(153, 26, 3, '', 1533207731, 1533207731),
(154, 26, 4, '', 1533207732, 1533207732),
(155, 26, 5, '', 1533207732, 1533207732),
(156, 26, 6, '', 1533207732, 1533207732),
(157, 27, 1, '', 1533207953, 1533207953),
(158, 27, 2, '', 1533207954, 1533207954),
(159, 27, 3, '', 1533207954, 1533207954),
(160, 27, 4, '', 1533207954, 1533207954),
(161, 27, 5, '3', 1533207955, 1533207955),
(162, 27, 6, '', 1533207955, 1533207955),
(163, 28, 1, '', 1533208115, 1533208115),
(164, 28, 2, '', 1533208115, 1533208115),
(165, 28, 3, '', 1533208115, 1533208115),
(166, 28, 4, '', 1533208116, 1533208116),
(167, 28, 5, '', 1533208116, 1533208116),
(168, 28, 6, '', 1533208116, 1533208116),
(169, 29, 1, 'All Employees good', 1550731545, 1550731545),
(170, 29, 2, 'Campus Is Good', 1550731545, 1550731545),
(171, 29, 3, '', 1550731545, 1550731545),
(172, 29, 4, 'Library Section good', 1550731546, 1550731546),
(173, 29, 5, 'Canteen God', 1550731546, 1550731546),
(174, 29, 6, 'Sporta Good', 1550731546, 1550731546),
(175, 30, 1, '', 1550731648, 1550731648),
(176, 30, 2, '', 1550731648, 1550731648),
(177, 30, 3, '', 1550731648, 1550731648),
(178, 30, 4, '', 1550731648, 1550731648),
(179, 30, 5, 'aas', 1550731649, 1550731649),
(180, 30, 6, 'asas', 1550731649, 1550731649),
(181, 31, 1, '', 1550731718, 1550731718),
(182, 31, 2, '', 1550731718, 1550731718),
(183, 31, 3, '', 1550731718, 1550731718),
(184, 31, 4, '1', 1550731718, 1550731718),
(185, 31, 5, '', 1550731719, 1550731719),
(186, 31, 6, '', 1550731719, 1550731719),
(187, 32, 1, '5', 1550731776, 1550731776),
(188, 32, 2, '', 1550731776, 1550731776),
(189, 32, 3, '', 1550731777, 1550731777),
(190, 32, 4, '3', 1550731777, 1550731777),
(191, 32, 5, '', 1550731777, 1550731777),
(192, 32, 6, '', 1550731777, 1550731777),
(193, 33, 1, '2', 1550731851, 1550731851),
(194, 33, 2, '3', 1550731851, 1550731851),
(195, 33, 3, '2', 1550731852, 1550731852),
(196, 33, 4, '2', 1550731852, 1550731852),
(197, 33, 5, '1', 1550731852, 1550731852),
(198, 33, 6, '', 1550731852, 1550731852),
(199, 34, 1, '2', 1550731929, 1550731929),
(200, 34, 2, '3', 1550731929, 1550731929),
(201, 34, 3, '2', 1550731929, 1550731929),
(202, 34, 4, '2', 1550731929, 1550731929),
(203, 34, 5, '4', 1550731930, 1550731930),
(204, 34, 6, '', 1550731930, 1550731930);

-- --------------------------------------------------------

--
-- Table structure for table `section_master`
--

DROP TABLE IF EXISTS `section_master`;
CREATE TABLE IF NOT EXISTS `section_master` (
  `section_id` int(11) NOT NULL AUTO_INCREMENT COMMENT 'seciotn_mster id',
  `section_name` varchar(255) NOT NULL COMMENT 'section_name unique',
  `created_at` int(11) DEFAULT NULL,
  `updated_at` int(11) DEFAULT NULL,
  PRIMARY KEY (`section_id`),
  UNIQUE KEY `sectioin_name` (`section_name`)
) ENGINE=InnoDB AUTO_INCREMENT=7 DEFAULT CHARSET=utf8 COMMENT='section_master';

--
-- Dumping data for table `section_master`
--

INSERT INTO `section_master` (`section_id`, `section_name`, `created_at`, `updated_at`) VALUES
(1, 'Employee Section', 1528878251, 1528878251),
(2, 'College Campus', 1528878260, 1528878260),
(3, 'Administration Section', 1528878273, 1528878273),
(4, 'Library Section', 1528878287, 1528878287),
(5, 'Canteen And Food', 1528878298, 1528878298),
(6, 'Sports Section', 1528878307, 1528878307);

-- --------------------------------------------------------

--
-- Table structure for table `site_settings`
--

DROP TABLE IF EXISTS `site_settings`;
CREATE TABLE IF NOT EXISTS `site_settings` (
  `settings_id` int(11) NOT NULL AUTO_INCREMENT,
  `settings_key` varchar(255) DEFAULT NULL,
  `settings_value` text,
  `created_at` int(11) DEFAULT NULL,
  `updated_at` int(11) DEFAULT NULL,
  PRIMARY KEY (`settings_id`),
  UNIQUE KEY `settings_key` (`settings_key`)
) ENGINE=InnoDB AUTO_INCREMENT=3 DEFAULT CHARSET=latin1 COMMENT='table for site settings';

--
-- Dumping data for table `site_settings`
--

INSERT INTO `site_settings` (`settings_id`, `settings_key`, `settings_value`, `created_at`, `updated_at`) VALUES
(1, 'fronthome_heading', '                                                                                                            <div class=\"col-md-12 col-sm-12 jumbotron\">\r\n\r\n        <h1>Welcome To Feedback System</h1>\r\n        <p>christ college feedback.</p>\r\n\r\n    </div>                                                ', NULL, 1534062152),
(2, 'fronthome_footer', '                                   <div class=\"footer-cta bg-dark\">\r\n    <div class=\"container my-5\">\r\n        <div class=\"py-5\">\r\n            <div class=\"text-center\">\r\n                \r\n                <h2 class=\"text-white\">Totally Anonymous!</h2>\r\n                <p class=\"text-muted col-lg-8 col-md-10 ml-auto mr-auto\">What are you waiting for?\r\n                    <b>\r\n                        <u>Step Ahead And Share Your View!\r\n                        </u>\r\n            </b></p></div><b>\r\n        </b></div><b>\r\n    </b></div><b>\r\n</b></div>                                                                         <footer class=\"main-footer py-5\">\r\n    <p class=\"text-muted text-center small p-0 mb-4\"> Copyright 2018  Rushik</p>\r\n</footer>                                                ', NULL, 1534062152);

-- --------------------------------------------------------

--
-- Table structure for table `slider`
--

DROP TABLE IF EXISTS `slider`;
CREATE TABLE IF NOT EXISTS `slider` (
  `slideid` int(11) NOT NULL AUTO_INCREMENT,
  `slidename` varchar(255) DEFAULT NULL,
  `created_at` int(11) DEFAULT NULL,
  `updated_at` int(11) DEFAULT NULL,
  PRIMARY KEY (`slideid`)
) ENGINE=InnoDB DEFAULT CHARSET=latin1 COMMENT='table for slider';

-- --------------------------------------------------------

--
-- Table structure for table `user`
--

DROP TABLE IF EXISTS `user`;
CREATE TABLE IF NOT EXISTS `user` (
  `user_id` int(11) NOT NULL AUTO_INCREMENT COMMENT 'row id for user',
  `user_email` varchar(255) NOT NULL COMMENT 'user email',
  `user_type` int(1) NOT NULL COMMENT 'user type 1=admin',
  `user_password` varchar(255) DEFAULT NULL,
  `is_active` int(11) DEFAULT '1',
  `user_image` varchar(255) DEFAULT NULL,
  `created_at` varchar(255) DEFAULT NULL,
  `updated_at` varchar(255) DEFAULT NULL,
  PRIMARY KEY (`user_id`),
  UNIQUE KEY `user_email` (`user_email`)
) ENGINE=InnoDB AUTO_INCREMENT=2 DEFAULT CHARSET=utf8 COMMENT='User table ';

--
-- Dumping data for table `user`
--

INSERT INTO `user` (`user_id`, `user_email`, `user_type`, `user_password`, `is_active`, `user_image`, `created_at`, `updated_at`) VALUES
(1, 'admin@feedback.com', 1, '96e79218965eb72c92a549dd5a330112', 1, 'user_img_1.jpg', NULL, '1533995027');

--
-- Constraints for dumped tables
--

--
-- Constraints for table `analysis_master`
--
ALTER TABLE `analysis_master`
  ADD CONSTRAINT `class_id_analysis_class_id` FOREIGN KEY (`class_id`) REFERENCES `class_master` (`class_id`) ON DELETE CASCADE ON UPDATE CASCADE,
  ADD CONSTRAINT `criteria_analysis_link` FOREIGN KEY (`criteria_id`) REFERENCES `criteria_master` (`criteria_id`) ON DELETE CASCADE ON UPDATE CASCADE,
  ADD CONSTRAINT `employee_master_analysis` FOREIGN KEY (`emp_code`) REFERENCES `employee_master` (`emp_code`) ON DELETE CASCADE ON UPDATE CASCADE,
  ADD CONSTRAINT `entry_id_analysis_link` FOREIGN KEY (`entry_id`) REFERENCES `entry_record` (`entry_id`) ON DELETE CASCADE ON UPDATE CASCADE,
  ADD CONSTRAINT `section_id_analysis_link` FOREIGN KEY (`section_id`) REFERENCES `section_master` (`section_id`) ON DELETE CASCADE ON UPDATE CASCADE;

--
-- Constraints for table `class_master`
--
ALTER TABLE `class_master`
  ADD CONSTRAINT `department_class_link` FOREIGN KEY (`dept_id`) REFERENCES `department_master` (`dept_id`) ON DELETE CASCADE ON UPDATE CASCADE;

--
-- Constraints for table `criteria_master`
--
ALTER TABLE `criteria_master`
  ADD CONSTRAINT `section_id_criteria_link` FOREIGN KEY (`section_id`) REFERENCES `section_master` (`section_id`) ON DELETE CASCADE ON UPDATE CASCADE;

--
-- Constraints for table `employee_allocation`
--
ALTER TABLE `employee_allocation`
  ADD CONSTRAINT `class_employee_allocation_link` FOREIGN KEY (`class_id`) REFERENCES `class_master` (`class_id`) ON DELETE CASCADE ON UPDATE CASCADE,
  ADD CONSTRAINT `employee_master_allocation_link` FOREIGN KEY (`emp_code`) REFERENCES `employee_master` (`emp_code`) ON DELETE CASCADE ON UPDATE CASCADE;

--
-- Constraints for table `employee_master`
--
ALTER TABLE `employee_master`
  ADD CONSTRAINT `department_employee_link` FOREIGN KEY (`dept_id`) REFERENCES `department_master` (`dept_id`) ON DELETE CASCADE ON UPDATE CASCADE;

--
-- Constraints for table `entry_record`
--
ALTER TABLE `entry_record`
  ADD CONSTRAINT `class_entry_record_link` FOREIGN KEY (`class_id`) REFERENCES `class_master` (`class_id`) ON DELETE CASCADE ON UPDATE CASCADE;

--
-- Constraints for table `option_master`
--
ALTER TABLE `option_master`
  ADD CONSTRAINT `criteria_id_option_master_link` FOREIGN KEY (`criteria_id`) REFERENCES `criteria_master` (`criteria_id`) ON DELETE CASCADE ON UPDATE CASCADE;

--
-- Constraints for table `remarks_master`
--
ALTER TABLE `remarks_master`
  ADD CONSTRAINT `entry_id_rematk_link` FOREIGN KEY (`entry_id`) REFERENCES `entry_record` (`entry_id`) ON DELETE CASCADE ON UPDATE CASCADE,
  ADD CONSTRAINT `section_id_remark_section_id` FOREIGN KEY (`section_id`) REFERENCES `section_master` (`section_id`) ON DELETE CASCADE ON UPDATE CASCADE;
COMMIT;

/*!40101 SET CHARACTER_SET_CLIENT=@OLD_CHARACTER_SET_CLIENT */;
/*!40101 SET CHARACTER_SET_RESULTS=@OLD_CHARACTER_SET_RESULTS */;
/*!40101 SET COLLATION_CONNECTION=@OLD_COLLATION_CONNECTION */;
